id;start.time;end.time;duration;power;energy;;;;;
4021088;05/10/2024 15:30;05/10/2024 15:37;0.12;3.99;0.48;;;;;
4224113;07/10/2024 05:41;07/10/2024 06:04;0.38;2.75;1.05;;;;;
4295591;07/10/2024 07:20;07/10/2024 16:58;9.63;3.68;35.44;;;;;
4362033;07/10/2024 07:35;07/10/2024 13:36;6.02;3.87;23.3;;;;;
4493368;07/10/2024 07:39;07/10/2024 07:50;0.18;4.12;0.74;;;;;
4690568;07/10/2024 07:49;07/10/2024 07:49;0;0;0;;;;;
4756214;07/10/2024 07:51;07/10/2024 10:43;2.87;3.54;10.16;;;;;
4822493;07/10/2024 08:03;07/10/2024 11:47;3.73;2.7;10.07;;;;;
4888082;07/10/2024 08:04;07/10/2024 10:45;2.68;3.39;9.09;;;;;
4954607;07/10/2024 08:21;07/10/2024 11:43;3.37;2.35;7.92;;;;;
5020504;07/10/2024 08:27;07/10/2024 17:15;8.8;3.78;33.26;;;;;
5086066;07/10/2024 08:27;07/10/2024 19:18;10.85;3.23;35.05;;;;;
5151827;07/10/2024 08:31;07/10/2024 16:41;8.17;0;0;;;;;
5361788;07/10/2024 12:14;07/10/2024 16:44;4.5;3.58;16.11;;;;;
5430313;07/10/2024 13:03;07/10/2024 17:58;4.92;2.3;11.32;;;;;
5496330;07/10/2024 13:11;07/10/2024 17:42;4.52;1.42;6.42;;;;;
5553422;08/10/2024 05:04;08/10/2024 07:23;2.32;0.76;1.76;;;;;
5627468;08/10/2024 07:25;08/10/2024 14:10;6.75;1.77;11.95;;;;;
5693033;08/10/2024 07:26;08/10/2024 07:51;0.42;4.22;1.77;;;;;
5825678;08/10/2024 07:52;08/10/2024 17:00;9.13;2.1;19.17;;;;;
5891240;08/10/2024 07:53;08/10/2024 12:06;4.22;0;0;;;;;
6023593;08/10/2024 08:14;08/10/2024 16:18;8.07;3.64;29.37;;;;;
6089534;08/10/2024 08:21;08/10/2024 11:58;3.62;3.1;11.22;;;;;
6155391;08/10/2024 08:26;08/10/2024 11:45;3.32;2.7;8.96;;;;;
6221789;08/10/2024 08:40;08/10/2024 15:43;7.05;2.79;19.67;;;;;
6287436;08/10/2024 08:42;08/10/2024 11:35;2.88;2.78;8.01;;;;;
6354012;08/10/2024 09:00;08/10/2024 17:31;8.52;1.72;14.65;;;;;
6435112;08/10/2024 13:19;08/10/2024 17:20;4.02;4.07;16.36;;;;;
6500067;09/10/2024 07:21;09/10/2024 07:51;0.5;2.97;1.49;;;;;
6566119;09/10/2024 07:30;09/10/2024 07:51;0.35;3.04;1.06;;;;;
6632567;09/10/2024 07:45;09/10/2024 07:52;0.12;0;0;;;;;
6699322;09/10/2024 08:05;09/10/2024 10:31;2.43;4.22;10.25;;;;;
6765606;09/10/2024 08:18;09/10/2024 11:20;3.03;2.08;6.3;;;;;
6831296;09/10/2024 08:20;09/10/2024 11:41;3.35;4.35;14.57;;;;;
6897539;09/10/2024 08:32;09/10/2024 11:53;3.35;0.45;1.51;;;;;
6963795;09/10/2024 08:44;09/10/2024 12:00;3.27;0;0;;;;;
7032721;09/10/2024 09:41;09/10/2024 18:45;9.07;1.99;18.05;;;;;
7099745;09/10/2024 10:05;09/10/2024 18:41;8.6;4.02;34.57;;;;;
7169437;09/10/2024 11:15;09/10/2024 16:35;5.33;3.03;16.15;;;;;
7236825;09/10/2024 11:45;09/10/2024 16:09;4.4;3.47;15.27;;;;;
7304559;09/10/2024 12:22;09/10/2024 17:15;4.88;0.23;1.12;;;;;
7370277;09/10/2024 12:25;09/10/2024 17:30;5.08;4.45;22.61;;;;;
7444822;09/10/2024 14:55;10/10/2024 06:14;15.32;1.73;26.5;;;;;
7699296;10/10/2024 06:59;10/10/2024 15:58;8.98;0.95;8.53;;;;;
7765579;10/10/2024 07:12;10/10/2024 16:25;9.22;2.97;27.38;;;;;
7834394;10/10/2024 08:06;10/10/2024 17:50;9.73;1.63;15.86;;;;;
7900144;10/10/2024 08:10;10/10/2024 16:25;8.25;1.83;15.1;;;;;
7965877;10/10/2024 08:13;10/10/2024 11:52;3.65;4.43;16.17;;;;;
8031426;10/10/2024 08:14;10/10/2024 16:57;8.72;2.84;24.76;;;;;
8097589;10/10/2024 08:24;10/10/2024 11:18;2.9;0.55;1.6;;;;;
8180024;10/10/2024 13:06;10/10/2024 16:39;3.55;3.56;12.64;;;;;
8246293;10/10/2024 13:18;10/10/2024 13:55;0.62;3.95;2.45;;;;;
8273163;10/10/2024 20:46;11/10/2024 08:29;11.72;2.89;33.87;;;;;
8440129;11/10/2024 06:45;11/10/2024 16:02;9.28;1.64;15.22;;;;;
8507329;11/10/2024 07:12;11/10/2024 16:00;8.8;1.18;10.38;;;;;
8573382;11/10/2024 07:21;11/10/2024 16:01;8.67;2.18;18.9;;;;;
8639403;11/10/2024 07:29;11/10/2024 10:39;3.17;2.55;8.08;;;;;
8771083;11/10/2024 07:39;11/10/2024 11:15;3.6;2.81;10.12;;;;;
8705536;11/10/2024 07:39;11/10/2024 11:53;4.23;0;0;;;;;
8837322;11/10/2024 07:51;11/10/2024 15:59;8.13;2.38;19.35;;;;;
8903132;11/10/2024 07:55;11/10/2024 17:19;9.4;2.75;25.85;;;;;
8969273;11/10/2024 08:05;11/10/2024 12:53;4.8;2.23;10.7;;;;;
9035143;11/10/2024 08:11;11/10/2024 11:19;3.13;2.27;7.11;;;;;
9100692;11/10/2024 08:11;11/10/2024 12:19;4.13;0;0;;;;;
9166369;11/10/2024 08:14;11/10/2024 16:44;8.5;2.4;20.4;;;;;
9364479;11/10/2024 08:39;11/10/2024 11:23;2.73;1.25;3.41;;;;;
9430963;11/10/2024 08:54;11/10/2024 18:31;9.62;1.87;17.99;;;;;
9497407;11/10/2024 09:10;11/10/2024 17:15;8.08;1.56;12.6;;;;;
9511290;11/10/2024 13:01;11/10/2024 17:08;4.12;3.3;13.6;;;;;
9577607;11/10/2024 13:14;11/10/2024 18:30;5.27;2.38;12.54;;;;;
9643810;11/10/2024 13:25;11/10/2024 17:29;4.07;0;0;;;;;
9712164;11/10/2024 14:12;11/10/2024 18:55;4.72;0;0;;;;;
10077119;14/10/2024 07:10;14/10/2024 08:26;1.27;1.24;1.57;;;;;
10142985;14/10/2024 07:15;14/10/2024 16:26;9.18;1.44;13.22;;;;;
10208777;14/10/2024 07:20;14/10/2024 11:47;4.45;2.62;11.66;;;;;
10340363;14/10/2024 07:28;14/10/2024 10:21;2.88;2.86;8.24;;;;;
10274789;14/10/2024 07:28;14/10/2024 16:41;9.22;1.33;12.26;;;;;
10406173;14/10/2024 07:33;14/10/2024 16:24;8.85;2.64;23.36;;;;;
10471930;14/10/2024 07:37;14/10/2024 08:36;0.98;1.3;1.27;;;;;
10670065;14/10/2024 08:02;14/10/2024 18:07;10.08;2.79;28.12;;;;;
10736134;14/10/2024 08:11;14/10/2024 17:25;9.23;1.3;12;;;;;
10802706;14/10/2024 08:28;14/10/2024 15:09;6.68;1.25;8.35;;;;;
10868476;14/10/2024 08:32;14/10/2024 12:02;3.5;0;0;;;;;
10934216;14/10/2024 08:35;14/10/2024 13:07;4.53;1.37;6.21;;;;;
11002571;14/10/2024 09:22;14/10/2024 19:34;10.2;2.89;29.48;;;;;
11073233;14/10/2024 10:48;14/10/2024 16:33;5.75;1.31;7.53;;;;;
11082211;14/10/2024 13:17;14/10/2024 17:15;3.97;0;0;;;;;
11153815;14/10/2024 14:59;14/10/2024 17:19;2.33;2.9;6.76;;;;;
11343123;15/10/2024 07:09;15/10/2024 09:13;2.07;1.34;2.77;;;;;
11411521;15/10/2024 07:57;15/10/2024 09:13;1.27;0;0;;;;;
11478016;15/10/2024 08:13;15/10/2024 09:13;1;0.01;0.01;;;;;
11544220;15/10/2024 08:24;15/10/2024 09:12;0.8;0;0;;;;;
11610345;15/10/2024 08:33;15/10/2024 09:13;0.67;2.89;1.94;;;;;
11675985;15/10/2024 08:35;15/10/2024 09:13;0.63;2.76;1.74;;;;;
11744445;15/10/2024 09:24;15/10/2024 09:36;0.2;1.09;0.22;;;;;
11810750;15/10/2024 09:37;15/10/2024 17:14;7.62;4.17;31.78;;;;;
11877050;15/10/2024 09:49;15/10/2024 14:32;4.72;3.77;17.79;;;;;
12017307;16/10/2024 06:35;16/10/2024 15:42;9.12;3.58;32.65;;;;;
12085575;16/10/2024 07:21;16/10/2024 11:44;4.38;1.3;5.69;;;;;
12151235;16/10/2024 07:23;16/10/2024 17:01;9.63;3.21;30.91;;;;;
12217244;16/10/2024 07:31;16/10/2024 16:33;9.03;2.23;20.14;;;;;
12283488;16/10/2024 07:43;16/10/2024 08:34;0.85;4.02;3.42;;;;;
12350401;16/10/2024 08:06;16/10/2024 12:16;4.17;1.3;5.42;;;;;
12418048;16/10/2024 08:41;16/10/2024 13:11;4.5;4.01;18.05;;;;;
12551217;16/10/2024 09:16;16/10/2024 12:14;2.97;0.27;0.8;;;;;
12630429;16/10/2024 13:04;16/10/2024 18:49;5.75;0;0;;;;;
12696179;16/10/2024 13:07;16/10/2024 15:52;2.75;1.3;3.58;;;;;
12762134;16/10/2024 13:14;16/10/2024 17:15;4.02;1.29;5.19;;;;;
12827800;16/10/2024 13:16;16/10/2024 18:15;4.98;1.1;5.48;;;;;
12894096;16/10/2024 13:29;16/10/2024 17:03;3.57;1.28;4.57;;;;;
13022741;17/10/2024 07:01;17/10/2024 09:27;2.43;3.75;9.11;;;;;
13089685;17/10/2024 07:24;17/10/2024 08:43;1.32;1.39;1.83;;;;;
13157204;17/10/2024 07:57;17/10/2024 17:39;9.7;3.41;33.08;;;;;
13223053;17/10/2024 08:02;17/10/2024 11:53;3.85;2.47;9.51;;;;;
13288754;17/10/2024 08:05;17/10/2024 12:02;3.95;3.5;13.83;;;;;
13354676;17/10/2024 08:11;18/10/2024 08:32;24.35;4.49;109.33;;;;;
13420645;17/10/2024 08:19;17/10/2024 11:52;3.55;0;0;;;;;
13486599;17/10/2024 08:26;17/10/2024 17:59;9.55;0;0;;;;;
13552812;17/10/2024 08:37;17/10/2024 17:09;8.53;1.29;11;;;;;
13618675;17/10/2024 08:42;17/10/2024 12:14;3.53;0.79;2.79;;;;;
13684981;17/10/2024 08:55;17/10/2024 17:43;8.8;1.42;12.5;;;;;
13754908;17/10/2024 10:08;17/10/2024 13:07;2.98;3.66;10.91;;;;;
13766043;17/10/2024 13:14;17/10/2024 17:02;3.8;1.3;4.94;;;;;
13831912;17/10/2024 13:19;17/10/2024 16:31;3.2;1.4;4.48;;;;;
13898508;17/10/2024 13:37;17/10/2024 17:58;4.35;0;0;;;;;
13965637;17/10/2024 14:04;17/10/2024 16:30;2.43;3.45;8.38;;;;;
14093082;18/10/2024 07:15;18/10/2024 09:18;2.05;3.72;7.63;;;;;
14160542;18/10/2024 07:47;18/10/2024 16:56;9.15;1.39;12.72;;;;;
14292201;18/10/2024 07:57;18/10/2024 11:38;3.68;3.77;13.87;;;;;
14226647;18/10/2024 07:57;18/10/2024 16:56;8.98;2.4;21.55;;;;;
14358402;18/10/2024 08:08;18/10/2024 19:26;11.3;1.37;15.48;;;;;
14424736;18/10/2024 08:21;18/10/2024 11:38;3.28;1.38;4.53;;;;;
14490283;18/10/2024 08:22;18/10/2024 18:01;9.65;0.71;6.85;;;;;
14556484;18/10/2024 08:33;18/10/2024 12:17;3.73;4.12;15.37;;;;;
14622884;18/10/2024 08:47;18/10/2024 12:14;3.45;1.4;4.83;;;;;
14691220;18/10/2024 09:34;18/10/2024 18:17;8.72;2.21;19.27;;;;;
14757900;18/10/2024 09:53;18/10/2024 12:30;2.62;1.38;3.62;;;;;
14826165;18/10/2024 10:38;18/10/2024 16:13;5.58;0;0;;;;;
14900491;18/10/2024 13:06;18/10/2024 17:35;4.48;3.73;16.71;;;;;
15032494;18/10/2024 13:21;18/10/2024 17:21;4;1.26;5.04;;;;;
14966953;18/10/2024 13:21;18/10/2024 18:06;4.75;0.93;4.42;;;;;
15098503;18/10/2024 13:29;18/10/2024 17:45;4.27;0.63;2.69;;;;;
15297600;18/10/2024 14:11;18/10/2024 17:01;2.83;1.33;3.76;;;;;
15465790;21/10/2024 07:06;21/10/2024 16:33;9.45;2.83;26.74;;;;;
15531912;21/10/2024 07:16;21/10/2024 16:31;9.25;2.45;22.66;;;;;
15663088;21/10/2024 07:17;21/10/2024 16:22;9.08;2.23;20.25;;;;;
15597516;21/10/2024 07:17;21/10/2024 16:34;9.28;1.96;18.19;;;;;
15663422;21/10/2024 07:23;21/10/2024 11:41;4.3;2.47;10.62;;;;;
15729165;21/10/2024 07:27;21/10/2024 11:53;4.43;1.36;6.02;;;;;
15794908;21/10/2024 07:30;21/10/2024 17:09;9.65;1.58;15.25;;;;;
15860719;21/10/2024 07:35;21/10/2024 10:57;3.37;1.31;4.41;;;;;
15926594;21/10/2024 07:40;21/10/2024 11:55;4.25;1.29;5.48;;;;;
15992623;21/10/2024 07:48;21/10/2024 10:41;2.88;2.37;6.83;;;;;
16059409;21/10/2024 08:09;21/10/2024 11:40;3.52;2.5;8.8;;;;;
16125738;21/10/2024 08:22;21/10/2024 11:51;3.48;0;0;;;;;
16191335;21/10/2024 08:23;21/10/2024 13:33;5.17;0;0;;;;;
16256971;21/10/2024 08:25;21/10/2024 16:55;8.5;3.1;26.35;;;;;
16323177;21/10/2024 08:36;21/10/2024 18:02;9.43;2.8;26.4;;;;;
16401673;21/10/2024 12:12;21/10/2024 16:23;4.18;3.96;16.55;;;;;
16469613;21/10/2024 12:52;21/10/2024 17:16;4.4;2.93;12.89;;;;;
16535374;21/10/2024 12:56;21/10/2024 12:58;0.03;0;0;;;;;
16601149;21/10/2024 13:00;21/10/2024 18:03;5.05;0;0;;;;;
16666739;21/10/2024 13:01;21/10/2024 17:08;4.12;2.96;12.2;;;;;
16735449;21/10/2024 13:54;21/10/2024 16:44;2.83;3.58;10.13;;;;;
16862473;22/10/2024 06:58;22/10/2024 16:00;9.03;1.83;16.52;;;;;
16929792;22/10/2024 07:28;22/10/2024 16:37;9.15;2.37;21.69;;;;;
16995533;22/10/2024 07:31;22/10/2024 16:37;9.1;3.23;29.39;;;;;
17061807;22/10/2024 07:44;22/10/2024 11:44;4;3.91;15.64;;;;;
17127378;22/10/2024 07:44;22/10/2024 11:48;4.07;0;0;;;;;
17258952;22/10/2024 07:53;22/10/2024 13:08;5.25;4.1;21.53;;;;;
17324739;22/10/2024 07:57;22/10/2024 16:31;8.57;3.91;33.51;;;;;
17390871;22/10/2024 08:07;22/10/2024 10:28;2.35;0;0;;;;;
17457980;22/10/2024 08:33;22/10/2024 11:39;3.1;1.45;4.5;;;;;
17529108;22/10/2024 10:06;22/10/2024 11:28;1.37;3.31;4.53;;;;;
17604867;22/10/2024 12:57;22/10/2024 17:23;4.43;2.88;12.76;;;;;
17672055;22/10/2024 13:24;22/10/2024 18:11;4.78;0;0;;;;;
17737707;22/10/2024 13:26;22/10/2024 17:36;4.17;3.22;13.43;;;;;
17864884;23/10/2024 06:33;23/10/2024 12:29;5.93;3.49;20.7;;;;;
17932416;23/10/2024 07:06;23/10/2024 16:01;8.92;1.1;9.81;;;;;
17999185;23/10/2024 07:27;23/10/2024 11:52;4.42;1.49;6.59;;;;;
18064999;23/10/2024 07:32;23/10/2024 16:44;9.2;3.53;32.48;;;;;
18132547;23/10/2024 08:05;23/10/2024 11:48;3.72;3.57;13.28;;;;;
18198372;23/10/2024 08:10;23/10/2024 17:05;8.92;2.16;19.27;;;;;
18264608;23/10/2024 08:22;23/10/2024 18:40;10.3;0;0;;;;;
18332317;23/10/2024 08:58;23/10/2024 11:57;2.98;3.79;11.29;;;;;
18398150;23/10/2024 09:03;23/10/2024 17:15;8.2;3.02;24.76;;;;;
18739405;24/10/2024 07:02;24/10/2024 16:03;9.02;0.81;7.31;;;;;
18806407;24/10/2024 07:26;24/10/2024 08:13;0.78;3.94;3.07;;;;;
18873061;24/10/2024 07:45;18/11/2024 14:05;606.33;4.61;2795.18;;;;;
18874889;24/10/2024 08:15;24/10/2024 17:00;8.75;1.67;14.61;;;;;
18944752;24/10/2024 09:27;24/10/2024 16:39;7.2;3.06;22.03;;;;;
19027274;24/10/2024 14:10;24/10/2024 17:26;3.27;2.95;9.65;;;;;
410896;25/10/2024 07:13;25/10/2024 12:14;5.02;4.35;21.84;;;;;
476976;25/10/2024 07:22;25/10/2024 07:22;0;0;0;;;;;
608175;25/10/2024 07:24;25/10/2024 07:43;0.32;4.06;1.3;;;;;
674877;25/10/2024 07:44;25/10/2024 08:09;0.42;0;0;;;;;
741986;25/10/2024 08:10;25/10/2024 08:10;0;0;0;;;;;
807582;25/10/2024 08:11;25/10/2024 10:58;2.78;4.4;12.23;;;;;
883816;25/10/2024 11:09;25/10/2024 12:23;1.23;4.4;5.41;;;;;
953323;25/10/2024 12:15;25/10/2024 16:16;4.02;2.67;10.73;;;;;
1019400;25/10/2024 12:24;25/10/2024 13:16;0.87;0;0;;;;;
1088109;25/10/2024 13:17;25/10/2024 13:39;0.37;4.33;1.6;;;;;
1154982;25/10/2024 13:40;25/10/2024 13:53;0.22;3.36;0.74;;;;;
1220943;25/10/2024 13:47;25/10/2024 18:24;4.62;0;0;;;;;
1286961;25/10/2024 13:55;25/10/2024 17:08;3.22;3.78;12.17;;;;;
1353986;25/10/2024 14:20;25/10/2024 16:45;2.42;3.26;7.89;;;;;
1459421;28/10/2024 08:01;28/10/2024 17:04;9.05;2.37;21.45;;;;;
1526299;28/10/2024 08:24;28/10/2024 17:36;9.2;2.81;25.85;;;;;
1591994;28/10/2024 08:26;28/10/2024 08:28;0.03;2.9;0.09;;;;;
1657676;28/10/2024 08:29;28/10/2024 08:38;0.15;3.6;0.54;;;;;
1723832;28/10/2024 08:39;28/10/2024 08:45;0.1;3.09;0.31;;;;;
1789791;28/10/2024 08:46;28/10/2024 08:52;0.1;3.21;0.32;;;;;
1855752;28/10/2024 08:53;28/10/2024 09:26;0.55;3.73;2.05;;;;;
1923289;28/10/2024 09:27;28/10/2024 09:45;0.3;0;0;;;;;
1990012;28/10/2024 09:46;28/10/2024 12:34;2.8;3.55;9.94;;;;;
2065272;28/10/2024 12:28;28/10/2024 18:07;5.65;3.21;18.14;;;;;
2136929;28/10/2024 14:10;28/10/2024 17:31;3.35;1.9;6.37;;;;;
2266385;29/10/2024 07:56;29/10/2024 14:52;6.93;4.03;27.93;;;;;
2332561;29/10/2024 08:07;29/10/2024 14:47;6.67;3.36;22.41;;;;;
2398579;29/10/2024 08:15;29/10/2024 08:41;0.43;4.15;1.78;;;;;
2531265;29/10/2024 08:42;29/10/2024 08:52;0.17;3.61;0.61;;;;;
2597481;29/10/2024 08:53;29/10/2024 08:58;0.08;0;0;;;;;
2663332;29/10/2024 08:59;29/10/2024 09:26;0.45;4.09;1.84;;;;;
2730550;29/10/2024 09:27;29/10/2024 11:23;1.93;0;0;;;;;
2881239;29/10/2024 14:53;29/10/2024 15:07;0.23;4.13;0.95;;;;;
2947716;29/10/2024 15:09;29/10/2024 17:07;1.97;3.24;6.38;;;;;
3075374;30/10/2024 08:24;30/10/2024 17:26;9.03;1.71;15.44;;;;;
3141374;30/10/2024 08:32;30/10/2024 12:46;4.23;3.33;14.09;;;;;
3208043;30/10/2024 08:51;30/10/2024 09:33;0.7;3.88;2.72;;;;;
3276146;30/10/2024 09:34;30/10/2024 14:03;4.48;3.23;14.47;;;;;
3277186;30/10/2024 09:51;30/10/2024 12:48;2.95;0;0;;;;;
3344144;30/10/2024 10:15;30/10/2024 17:13;6.97;0;0;;;;;
92498;29/11/2024 07:13;29/11/2024 07:41;0.47;4.18;1.96;;;;;
159658;29/11/2024 07:40;29/11/2024 08:58;1.3;0.11;0.14;;;;;
226143;29/11/2024 07:56;29/11/2024 16:53;8.95;3.25;29.09;;;;;
292779;29/11/2024 08:14;29/11/2024 14:48;6.57;0;0;;;;;
358795;29/11/2024 08:22;29/11/2024 17:17;8.92;3.15;28.1;;;;;
558915;29/11/2024 09:20;29/11/2024 19:49;10.48;0;0;;;;;
625055;29/11/2024 09:31;29/11/2024 17:51;8.33;1.94;16.16;;;;;
691375;29/11/2024 09:44;29/11/2024 18:11;8.45;2.98;25.18;;;;;
757211;29/11/2024 09:49;29/11/2024 18:44;8.92;1.57;14;;;;;
824265;29/11/2024 10:14;29/11/2024 19:03;8.82;3.26;28.75;;;;;
894958;29/11/2024 11:40;03/12/2024 16:49;101.15;0.04;4.05;;;;;
970116;29/11/2024 14:20;29/11/2024 18:11;3.85;3.88;14.94;;;;;
1035950;29/11/2024 14:25;29/11/2024 18:58;4.55;1.72;7.83;;;;;
1101598;29/11/2024 14:27;29/11/2024 17:25;2.97;2.87;8.52;;;;;
1143195;01/12/2024 14:24;01/12/2024 15:09;0.75;4.39;3.29;;;;;
1272122;02/12/2024 08:01;02/12/2024 13:35;5.57;2.39;13.31;;;;;
1338659;02/12/2024 08:18;02/12/2024 14:54;6.6;2.45;16.17;;;;;
1404471;02/12/2024 08:23;03/12/2024 11:23;27;2.54;68.58;;;;;
1470422;02/12/2024 08:29;03/12/2024 11:24;26.92;4.09;110.1;;;;;
1536204;02/12/2024 08:34;02/12/2024 12:41;4.12;2.12;8.73;;;;;
1601907;02/12/2024 08:36;03/12/2024 11:24;26.8;0;0;;;;;
1667802;02/12/2024 08:42;02/12/2024 12:46;4.07;2.12;8.63;;;;;
1733601;02/12/2024 08:47;03/12/2024 11:23;26.6;4.28;113.85;;;;;
1799388;02/12/2024 08:51;03/12/2024 11:23;26.53;2.54;67.39;;;;;
1865709;02/12/2024 09:04;03/12/2024 11:25;26.35;0.19;5.01;;;;;
1997048;02/12/2024 09:08;03/12/2024 11:24;26.27;2.64;69.35;;;;;
1931457;02/12/2024 09:08;03/12/2024 11:22;26.23;3.88;101.77;;;;;
2062745;02/12/2024 09:11;02/12/2024 17:02;7.85;2.53;19.86;;;;;
2128405;02/12/2024 09:13;02/12/2024 12:54;3.68;1.8;6.62;;;;;
2194365;02/12/2024 09:20;03/12/2024 11:24;26.07;0;0;;;;;
2275693;02/12/2024 13:43;03/12/2024 11:23;21.67;4.18;90.58;;;;;
125445;03/12/2024 11:23;03/12/2024 12:59;1.6;2.59;4.14;;;;;
125479;03/12/2024 11:24;03/12/2024 12:45;1.35;3.46;4.67;;;;;
191016;03/12/2024 11:24;03/12/2024 16:50;5.43;3.21;17.43;;;;;
256646;03/12/2024 11:25;03/12/2024 12:45;1.33;2.08;2.77;;;;;
191109;03/12/2024 11:25;03/12/2024 17:06;5.68;3.21;18.23;;;;;
125562;03/12/2024 11:25;03/12/2024 14:11;2.77;0;0;;;;;
453368;03/12/2024 11:27;03/12/2024 18:36;7.15;2.72;19.45;;;;;
584450;03/12/2024 11:27;03/12/2024 17:54;6.45;2.1;13.55;;;;;
322283;03/12/2024 11:27;03/12/2024 17:06;5.65;3.24;18.31;;;;;
518913;03/12/2024 11:27;03/12/2024 16:55;5.47;3.06;16.74;;;;;
387823;03/12/2024 11:27;03/12/2024 18:34;7.12;2.9;20.65;;;;;
650006;03/12/2024 11:28;03/12/2024 18:08;6.67;2.76;18.41;;;;;
855644;03/12/2024 13:58;03/12/2024 18:23;4.42;3.15;13.92;;;;;
921983;03/12/2024 14:11;03/12/2024 18:25;4.23;3.16;13.37;;;;;
71529;03/12/2024 14:37;03/12/2024 19:10;4.55;2.42;11.01;;;;;
146399;03/12/2024 17:12;03/12/2024 19:50;2.63;1.33;3.5;;;;;
1122439;04/12/2024 09:27;04/12/2024 09:27;0;0;0;;;;;
1515783;04/12/2024 09:30;04/12/2024 14:51;5.35;1.38;7.38;;;;;
1581759;04/12/2024 09:37;04/12/2024 19:22;9.75;1.42;13.85;;;;;
1648266;04/12/2024 09:53;04/12/2024 15:38;5.75;1.39;7.99;;;;;
90754;04/12/2024 14:09;04/12/2024 18:05;3.93;1.38;5.42;;;;;
225209;04/12/2024 15:05;04/12/2024 17:54;2.82;1.4;3.95;;;;;
102089;04/12/2024 17:18;04/12/2024 19:45;2.45;0;0;;;;;
350842;05/12/2024 07:47;05/12/2024 16:55;9.13;3.07;28.03;;;;;
417411;05/12/2024 08:04;05/12/2024 11:24;3.33;2.03;6.76;;;;;
484241;05/12/2024 08:25;05/12/2024 12:46;4.35;2.73;11.88;;;;;
550295;05/12/2024 08:34;05/12/2024 10:52;2.3;1.92;4.42;;;;;
681616;05/12/2024 08:38;06/12/2024 15:06;30.47;2.11;64.29;;;;;
616057;05/12/2024 08:38;05/12/2024 13:04;4.43;0;0;;;;;
748353;05/12/2024 08:58;05/12/2024 13:07;4.15;0;0;;;;;
814105;05/12/2024 09:02;05/12/2024 12:44;3.7;2.89;10.69;;;;;
879796;05/12/2024 09:04;06/12/2024 15:07;30.05;2.06;61.9;;;;;
946270;05/12/2024 09:21;06/12/2024 15:09;29.8;0;0;;;;;
1011837;05/12/2024 09:22;05/12/2024 12:36;3.23;2.06;6.65;;;;;
1077723;05/12/2024 09:27;06/12/2024 15:08;29.68;2.06;61.14;;;;;
1145639;05/12/2024 10:07;05/12/2024 13:02;2.92;0;0;;;;;
1214473;05/12/2024 11:02;05/12/2024 16:59;5.95;2.1;12.5;;;;;
1280168;05/12/2024 11:05;06/12/2024 15:09;28.07;0.63;17.68;;;;;
106306;05/12/2024 12:41;06/12/2024 15:09;26.47;3.62;95.82;;;;;
176413;05/12/2024 13:57;06/12/2024 15:06;25.15;3.73;93.81;;;;;
118488;05/12/2024 16:04;06/12/2024 15:07;23.05;0;0;;;;;
186254;05/12/2024 16:41;06/12/2024 15:07;22.43;3.58;80.3;;;;;
463662;06/12/2024 15:07;06/12/2024 15:07;0;0;0;;;;;
267044;06/12/2024 15:07;06/12/2024 17:45;2.63;0;0;;;;;
70422;06/12/2024 15:07;06/12/2024 15:07;0;0;0;;;;;
398124;06/12/2024 15:07;06/12/2024 15:09;0.03;0.67;0.02;;;;;
660297;06/12/2024 15:08;06/12/2024 15:10;0.03;0;0;;;;;
594754;06/12/2024 15:08;06/12/2024 15:12;0.07;0;0;;;;;
529201;06/12/2024 15:08;06/12/2024 15:09;0.02;1.06;0.02;;;;;
463862;06/12/2024 15:11;06/12/2024 15:12;0.02;0;0;;;;;
398324;06/12/2024 15:11;06/12/2024 18:18;3.12;0;0;;;;;
660502;06/12/2024 15:11;06/12/2024 15:11;0;0;0;;;;;
529414;06/12/2024 15:11;06/12/2024 18:17;3.1;1.41;4.37;;;;;
857197;06/12/2024 15:13;06/12/2024 16:01;0.8;2;1.6;;;;;
1053841;06/12/2024 15:13;06/12/2024 17:05;1.87;0;0;;;;;
922735;06/12/2024 15:13;06/12/2024 19:22;4.15;4.05;16.81;;;;;
791646;06/12/2024 15:13;06/12/2024 19:30;4.28;0;0;;;;;
1119397;06/12/2024 15:14;06/12/2024 16:46;1.53;3.21;4.91;;;;;
1185102;06/12/2024 15:17;06/12/2024 17:21;2.07;3.64;7.53;;;;;
1548138;09/12/2024 07:43;09/12/2024 14:48;7.08;2.35;16.64;;;;;
1613751;09/12/2024 07:44;09/12/2024 17:18;9.57;2.26;21.63;;;;;
1680596;09/12/2024 08:06;09/12/2024 17:24;9.3;0;0;;;;;
1746565;09/12/2024 08:13;09/12/2024 17:16;9.05;2.22;20.09;;;;;
1813394;09/12/2024 08:34;09/12/2024 12:32;3.97;2.2;8.73;;;;;
1879312;09/12/2024 08:41;09/12/2024 16:40;7.98;2.17;17.32;;;;;
1944931;09/12/2024 08:42;09/12/2024 19:32;10.83;3.01;32.6;;;;;
2010574;09/12/2024 08:44;09/12/2024 17:54;9.17;2.54;23.29;;;;;
2076282;09/12/2024 08:47;09/12/2024 17:54;9.12;2.2;20.06;;;;;
2141876;09/12/2024 08:48;09/12/2024 17:49;9.02;2.26;20.39;;;;;
2207828;09/12/2024 08:55;09/12/2024 12:45;3.83;1.87;7.16;;;;;
2273574;09/12/2024 08:58;09/12/2024 17:49;8.85;2.34;20.71;;;;;
2339700;09/12/2024 09:08;09/12/2024 12:41;3.55;1.98;7.03;;;;;
2537337;09/12/2024 09:25;09/12/2024 12:51;3.43;0;0;;;;;
2617924;09/12/2024 13:36;09/12/2024 18:21;4.75;2.7;12.83;;;;;
2685498;09/12/2024 14:10;09/12/2024 18:49;4.65;2.03;9.44;;;;;
2687817;09/12/2024 14:49;10/12/2024 07:20;16.52;2.23;36.84;;;;;
2880087;10/12/2024 07:48;10/12/2024 16:52;9.07;2.74;24.85;;;;;
2946299;10/12/2024 08:00;10/12/2024 17:29;9.48;0;0;;;;;
3012513;10/12/2024 08:11;10/12/2024 11:46;3.58;2.78;9.95;;;;;
3078215;10/12/2024 08:14;10/12/2024 17:06;8.87;2.6;23.06;;;;;
3143932;10/12/2024 08:17;10/12/2024 17:21;9.07;2.52;22.86;;;;;
3210158;10/12/2024 08:28;10/12/2024 13:52;5.4;2.73;14.74;;;;;
3276109;10/12/2024 08:35;10/12/2024 18:37;10.03;2.99;29.99;;;;;
3342065;10/12/2024 08:42;10/12/2024 18:11;9.48;2.79;26.45;;;;;
3407614;10/12/2024 08:42;10/12/2024 19:04;10.37;2.95;30.59;;;;;
3408559;10/12/2024 08:58;10/12/2024 18:02;9.07;2.3;20.86;;;;;
3474175;10/12/2024 08:59;10/12/2024 18:28;9.48;0.85;8.06;;;;;
3540746;10/12/2024 09:17;10/12/2024 12:45;3.47;1.92;6.66;;;;;
3607092;10/12/2024 09:30;10/12/2024 12:48;3.3;2.18;7.19;;;;;
3672769;10/12/2024 09:32;10/12/2024 18:50;9.3;0;0;;;;;
3754031;10/12/2024 13:54;10/12/2024 18:37;4.72;3.05;14.4;;;;;
3819728;10/12/2024 13:57;10/12/2024 16:14;2.28;2.63;6;;;;;
4023685;10/12/2024 16:01;10/12/2024 18:01;2;3.52;7.04;;;;;
4080588;11/12/2024 07:49;11/12/2024 16:52;9.05;2.86;25.88;;;;;
4146832;11/12/2024 08:01;11/12/2024 17:56;9.92;0;0;;;;;
4213252;11/12/2024 08:15;11/12/2024 17:18;9.05;2.79;25.25;;;;;
4345896;11/12/2024 08:41;11/12/2024 17:29;8.8;2.27;19.98;;;;;
4280334;11/12/2024 08:41;11/12/2024 17:29;8.8;2.68;23.58;;;;;
4411743;11/12/2024 08:47;11/12/2024 21:26;12.65;3.09;39.09;;;;;
4478708;11/12/2024 09:10;11/12/2024 12:45;3.58;2.96;10.6;;;;;
4545087;11/12/2024 09:24;11/12/2024 17:30;8.1;2.74;22.19;;;;;
4610636;11/12/2024 09:25;11/12/2024 14:33;5.13;2.82;14.47;;;;;
4742339;11/12/2024 09:35;12/12/2024 10:44;25.15;0.04;1.01;;;;;
4676789;11/12/2024 09:35;11/12/2024 13:23;3.8;0;0;;;;;
4808859;11/12/2024 09:52;11/12/2024 10:16;0.4;0;0;;;;;
4874726;11/12/2024 09:57;11/12/2024 18:17;8.33;2.63;21.91;;;;;
4941467;11/12/2024 10:17;11/12/2024 18:47;8.5;2.92;24.82;;;;;
5019114;11/12/2024 13:39;11/12/2024 19:08;5.48;0.79;4.33;;;;;
5086717;11/12/2024 14:13;11/12/2024 18:08;3.92;0;0;;;;;
5152613;11/12/2024 14:19;11/12/2024 18:25;4.1;3.73;15.29;;;;;
5218563;11/12/2024 14:26;11/12/2024 18:08;3.7;2.59;9.58;;;;;
5284449;11/12/2024 14:32;11/12/2024 19:06;4.57;0;0;;;;;
5348770;12/12/2024 08:24;12/12/2024 12:34;4.17;2.07;8.63;;;;;
5415402;12/12/2024 08:42;12/12/2024 12:34;3.87;2.83;10.95;;;;;
5481813;12/12/2024 08:57;12/12/2024 12:34;3.62;2.75;9.96;;;;;
5547565;12/12/2024 09:00;12/12/2024 12:37;3.62;1.92;6.95;;;;;
5613825;12/12/2024 09:12;12/12/2024 12:33;3.35;0;0;;;;;
5679931;12/12/2024 09:22;12/12/2024 12:33;3.18;0;0;;;;;
5746826;12/12/2024 09:45;12/12/2024 12:34;2.82;2.07;5.84;;;;;
5813397;12/12/2024 10:02;12/12/2024 12:34;2.53;2.61;6.6;;;;;
5881303;12/12/2024 10:41;12/12/2024 12:34;1.88;2.57;4.83;;;;;
5959373;12/12/2024 14:10;12/12/2024 18:06;3.93;2.67;10.49;;;;;
6025613;12/12/2024 14:22;12/12/2024 18:07;3.75;0;0;;;;;
6087618;13/12/2024 07:36;13/12/2024 16:37;9.02;3.66;33.01;;;;;
6154868;13/12/2024 08:05;13/12/2024 12:13;4.13;0;0;;;;;
6221778;13/12/2024 08:27;13/12/2024 17:57;9.5;2.45;23.28;;;;;
6289141;13/12/2024 08:58;13/12/2024 12:14;3.27;3.02;9.88;;;;;
6354890;13/12/2024 09:01;13/12/2024 12:22;3.35;1.86;6.23;;;;;
6552343;13/12/2024 09:16;13/12/2024 14:16;5;2;10;;;;;
6618148;13/12/2024 09:20;13/12/2024 19:17;9.95;0;0;;;;;
6683844;13/12/2024 09:23;13/12/2024 18:23;9;0;0;;;;;
6815357;13/12/2024 09:30;13/12/2024 12:39;3.15;1.09;3.43;;;;;
6880933;13/12/2024 09:31;13/12/2024 12:48;3.28;1.74;5.71;;;;;
6946597;13/12/2024 09:33;13/12/2024 19:02;9.48;2.69;25.5;;;;;
6947386;13/12/2024 09:46;13/12/2024 18:32;8.77;1.74;15.26;;;;;
7013122;13/12/2024 09:49;13/12/2024 12:14;2.42;2.39;5.78;;;;;
7093658;13/12/2024 13:59;13/12/2024 17:58;3.98;3.87;15.4;;;;;
7160889;13/12/2024 14:27;13/12/2024 17:53;3.43;0.75;2.57;;;;;
7226506;13/12/2024 14:29;13/12/2024 18:15;3.77;2.88;10.86;;;;;
7294714;13/12/2024 15:13;13/12/2024 18:00;2.78;2.44;6.78;;;;;
7394498;16/12/2024 07:21;16/12/2024 18:49;11.47;3.36;38.54;;;;;
7461638;16/12/2024 07:47;16/12/2024 16:53;9.1;3.54;32.21;;;;;
7529245;16/12/2024 08:22;16/12/2024 12:27;4.08;2.81;11.46;;;;;
7595227;16/12/2024 08:29;16/12/2024 17:06;8.62;2.95;25.43;;;;;
7660838;16/12/2024 08:31;16/12/2024 17:31;9;2.01;18.09;;;;;
7726744;16/12/2024 08:37;16/12/2024 19:08;10.52;2.67;28.09;;;;;
7792396;16/12/2024 08:39;16/12/2024 18:44;10.08;3.27;32.96;;;;;
7858256;16/12/2024 08:44;16/12/2024 12:46;4.03;2.44;9.83;;;;;
7923831;16/12/2024 08:45;16/12/2024 13:04;4.32;2.63;11.36;;;;;
7990913;16/12/2024 09:10;16/12/2024 12:50;3.67;2.8;10.28;;;;;
8057054;16/12/2024 09:21;16/12/2024 12:55;3.57;0;0;;;;;
8123605;16/12/2024 09:37;16/12/2024 18:12;8.58;3.73;32;;;;;
8140287;16/12/2024 14:15;16/12/2024 17:27;3.2;4.44;14.21;;;;;
8211102;16/12/2024 15:43;16/12/2024 17:54;2.18;3.95;8.61;;;;;
8268904;17/12/2024 07:47;17/12/2024 17:07;9.33;2.84;26.5;;;;;
8334881;17/12/2024 07:55;17/12/2024 17:01;9.1;3.39;30.85;;;;;
8401969;17/12/2024 08:20;17/12/2024 19:59;11.65;3.84;44.74;;;;;
8467947;17/12/2024 08:28;17/12/2024 17:43;9.25;2.81;25.99;;;;;
8534157;17/12/2024 08:39;17/12/2024 18:44;10.08;1.89;19.05;;;;;
8600984;17/12/2024 09:01;17/12/2024 18:09;9.13;3.35;30.59;;;;;
8667521;17/12/2024 09:17;17/12/2024 12:50;3.55;3.48;12.35;;;;;
8733455;17/12/2024 09:24;17/12/2024 17:32;8.13;2.43;19.76;;;;;
8799227;17/12/2024 09:28;17/12/2024 13:08;3.67;0;0;;;;;
8865841;17/12/2024 09:46;17/12/2024 13:18;3.53;0.1;0.35;;;;;
8931639;17/12/2024 09:50;17/12/2024 18:48;8.97;1.52;13.63;;;;;
9009840;17/12/2024 13:21;17/12/2024 18:18;4.95;2.86;14.16;;;;;
9079010;17/12/2024 14:22;17/12/2024 18:40;4.3;2.63;11.31;;;;;
9145412;17/12/2024 14:36;17/12/2024 18:40;4.07;0;0;;;;;
9212455;17/12/2024 15:01;17/12/2024 20:29;5.47;1.32;7.22;;;;;
9273379;18/12/2024 07:56;18/12/2024 16:56;9;3.24;29.16;;;;;
9339750;18/12/2024 08:10;18/12/2024 16:42;8.53;3.05;26.02;;;;;
9406774;18/12/2024 08:35;18/12/2024 10:22;1.78;3.47;6.18;;;;;
9472864;18/12/2024 08:44;18/12/2024 19:10;10.43;2.04;21.28;;;;;
9538470;18/12/2024 08:46;18/12/2024 13:14;4.47;2.57;11.49;;;;;
9802404;18/12/2024 09:15;18/12/2024 12:18;3.05;2.26;6.89;;;;;
9736868;18/12/2024 09:15;18/12/2024 17:50;8.58;1.98;16.99;;;;;
9671325;18/12/2024 09:15;18/12/2024 19:37;10.37;0;0;;;;;
9868014;18/12/2024 09:17;18/12/2024 12:45;3.47;3.41;11.83;;;;;
9934333;18/12/2024 09:30;18/12/2024 13:04;3.57;0.43;1.54;;;;;
10000538;18/12/2024 09:41;18/12/2024 18:34;8.88;2.04;18.12;;;;;
10066906;18/12/2024 09:55;18/12/2024 18:19;8.4;2.07;17.39;;;;;
10134696;18/12/2024 10:32;18/12/2024 15:02;4.5;2.52;11.34;;;;;
10202000;18/12/2024 11:02;18/12/2024 14:54;3.87;3.73;14.44;;;;;
10407828;19/12/2024 07:47;19/12/2024 21:46;13.98;2.73;38.17;;;;;
10473663;19/12/2024 07:52;19/12/2024 17:11;9.32;4.01;37.37;;;;;
10540708;19/12/2024 08:17;19/12/2024 10:50;2.55;4.39;11.19;;;;;
10606590;19/12/2024 08:23;19/12/2024 16:43;8.33;1.55;12.91;;;;;
10673754;19/12/2024 08:50;19/12/2024 12:54;4.07;0;0;;;;;
10740740;19/12/2024 09:14;19/12/2024 12:41;3.45;3.57;12.32;;;;;
10806836;19/12/2024 09:24;19/12/2024 13:47;4.38;3.41;14.94;;;;;
10873013;19/12/2024 09:34;19/12/2024 10:36;1.03;2.53;2.61;;;;;
11073433;19/12/2024 10:38;19/12/2024 10:38;0;0;0;;;;;
522477;19/12/2024 10:44;19/12/2024 12:27;1.72;3.47;5.97;;;;;
527424;19/12/2024 12:06;19/12/2024 18:23;6.28;2.87;18.02;;;;;
600545;19/12/2024 14:12;19/12/2024 18:06;3.9;3.75;14.63;;;;;
666089;19/12/2024 14:13;19/12/2024 18:12;3.98;3.31;13.17;;;;;
83261;19/12/2024 16:09;19/12/2024 18:53;2.73;1;2.73;;;;;
156284;19/12/2024 18:14;19/12/2024 18:46;0.53;4.21;2.23;;;;;
241611;19/12/2024 23:44;30/12/2024 08:10;248.43;0.01;2.48;;;;;
270281;20/12/2024 07:42;20/12/2024 17:00;9.3;2.69;25.02;;;;;
336620;20/12/2024 07:56;20/12/2024 16:30;8.57;0;0;;;;;
402252;20/12/2024 07:57;20/12/2024 16:32;8.58;3.53;30.29;;;;;
468298;20/12/2024 08:06;20/12/2024 17:52;9.77;2.34;22.86;;;;;
534412;20/12/2024 08:16;20/12/2024 12:22;4.1;2.13;8.73;;;;;
602044;20/12/2024 08:51;20/12/2024 17:32;8.68;3.55;30.81;;;;;
668713;20/12/2024 09:09;20/12/2024 09:09;0;0;0;;;;;
734289;20/12/2024 09:10;20/12/2024 16:31;7.35;2.68;19.7;;;;;
800694;20/12/2024 09:25;20/12/2024 12:55;3.5;0;0;;;;;
866328;20/12/2024 09:26;20/12/2024 12:37;3.18;2.93;9.32;;;;;
931930;20/12/2024 09:27;20/12/2024 12:50;3.38;2.62;8.86;;;;;
997601;20/12/2024 09:30;20/12/2024 11:47;2.28;0.79;1.8;;;;;
1065209;20/12/2024 10:04;20/12/2024 13:01;2.95;1.57;4.63;;;;;
1130928;20/12/2024 10:07;21/12/2024 02:47;16.67;1.07;17.84;;;;;
1202986;20/12/2024 11:56;21/12/2024 02:09;14.22;1.65;23.46;;;;;
1271714;20/12/2024 12:49;20/12/2024 17:12;4.38;0.41;1.8;;;;;
1340688;20/12/2024 13:46;20/12/2024 18:28;4.7;1.43;6.72;;;;;
1408852;20/12/2024 14:30;20/12/2024 17:32;3.03;1.16;3.51;;;;;
79454;23/12/2024 10:08;23/12/2024 11:57;1.82;0;0;;;;;
148522;23/12/2024 11:07;23/12/2024 12:13;1.1;4.48;4.93;;;;;
198208;26/12/2024 07:31;26/12/2024 16:38;9.12;3.32;30.28;;;;;
267895;26/12/2024 08:41;26/12/2024 18:21;9.67;3.97;38.39;;;;;
335522;26/12/2024 09:15;26/12/2024 17:59;8.73;3.94;34.4;;;;;
415005;27/12/2024 07:20;27/12/2024 16:45;9.42;1.22;11.49;;;;;
483544;27/12/2024 08:10;27/12/2024 18:06;9.93;3;29.79;;;;;
549999;27/12/2024 08:25;27/12/2024 17:38;9.22;4.31;39.74;;;;;
615882;27/12/2024 08:31;27/12/2024 12:40;4.15;1.31;5.44;;;;;
685457;27/12/2024 09:38;27/12/2024 12:08;2.5;1.37;3.43;;;;;
763062;27/12/2024 12:59;27/12/2024 17:38;4.65;1.41;6.56;;;;;
831131;27/12/2024 13:41;27/12/2024 19:38;5.95;2.12;12.61;;;;;
899071;27/12/2024 14:22;27/12/2024 15:45;1.38;1.38;1.9;;;;;
939336;30/12/2024 08:09;30/12/2024 19:21;11.2;4.11;46.03;;;;;
1005922;30/12/2024 08:27;30/12/2024 12:48;4.35;4.23;18.4;;;;;
1073053;30/12/2024 08:53;30/12/2024 12:30;3.62;0;0;;;;;
1139356;30/12/2024 09:06;30/12/2024 12:34;3.47;4.37;15.16;;;;;
1205732;30/12/2024 09:20;30/12/2024 12:33;3.22;2.99;9.63;;;;;
1287330;30/12/2024 13:48;30/12/2024 17:49;4.02;4.41;17.73;;;;;
1354697;30/12/2024 14:18;30/12/2024 18:41;4.38;0;0;;;;;
1420427;30/12/2024 14:22;30/12/2024 17:42;3.33;1.67;5.56;;;;;
1486115;30/12/2024 14:24;30/12/2024 16:45;2.35;0;0;;;;;
1552081;30/12/2024 14:31;30/12/2024 17:06;2.58;4.35;11.22;;;;;
1622746;30/12/2024 15:57;02/01/2025 06:12;62.25;0.76;47.31;;;;;
1656417;02/01/2025 07:55;02/01/2025 11:37;3.7;4.04;14.95;;;;;
1723466;02/01/2025 08:20;02/01/2025 11:36;3.27;4.43;14.49;;;;;
1789622;02/01/2025 08:30;02/01/2025 11:37;3.12;4.27;13.32;;;;;
1857435;02/01/2025 09:08;02/01/2025 11:37;2.48;4.14;10.27;;;;;
1924058;02/01/2025 09:26;02/01/2025 11:37;2.18;4.41;9.61;;;;;
1995216;02/01/2025 11:01;02/01/2025 11:37;0.6;4.28;2.57;;;;;
2069807;02/01/2025 13:32;02/01/2025 17:25;3.88;3.43;13.31;;;;;
2135877;02/01/2025 13:41;02/01/2025 18:31;4.83;4.18;20.19;;;;;
2204577;02/01/2025 14:34;02/01/2025 15:13;0.65;4.11;2.67;;;;;
2275219;02/01/2025 15:59;02/01/2025 18:57;2.97;4.33;12.86;;;;;
2330942;03/01/2025 07:27;03/01/2025 17:12;9.75;1.51;14.72;;;;;
2398660;03/01/2025 08:03;03/01/2025 17:18;9.25;1.34;12.4;;;;;
2464991;03/01/2025 08:17;03/01/2025 12:35;4.3;3.84;16.51;;;;;
2530731;03/01/2025 08:20;03/01/2025 14:33;6.22;4.01;24.94;;;;;
2597221;03/01/2025 08:36;03/01/2025 19:53;11.28;3.96;44.67;;;;;
2664134;03/01/2025 08:59;03/01/2025 12:53;3.9;1.4;5.46;;;;;
2732171;03/01/2025 09:41;03/01/2025 18:30;8.82;4.39;38.72;;;;;
2815054;03/01/2025 14:30;03/01/2025 17:47;3.28;4.59;15.06;;;;;
2821445;03/01/2025 16:16;03/01/2025 18:55;2.65;3.93;10.41;;;;;
2918103;06/01/2025 07:32;06/01/2025 08:06;0.57;4.25;2.42;;;;;
2984717;06/01/2025 07:50;06/01/2025 10:41;2.85;3.39;9.66;;;;;
3050938;06/01/2025 08:01;06/01/2025 10:41;2.67;3.61;9.64;;;;;
3117806;06/01/2025 08:23;06/01/2025 10:41;2.3;3.92;9.02;;;;;
3184053;06/01/2025 08:35;06/01/2025 10:41;2.1;3.09;6.49;;;;;
3249636;06/01/2025 08:36;06/01/2025 10:41;2.08;2.9;6.03;;;;;
3316185;06/01/2025 08:53;06/01/2025 10:40;1.78;2.72;4.84;;;;;
3382797;06/01/2025 09:11;06/01/2025 10:42;1.52;2.69;4.09;;;;;
3448893;06/01/2025 09:20;06/01/2025 10:41;1.35;3.16;4.27;;;;;
3514658;06/01/2025 09:24;06/01/2025 10:42;1.3;2.52;3.28;;;;;
3580324;06/01/2025 09:26;06/01/2025 10:40;1.23;2.42;2.98;;;;;
3645904;06/01/2025 09:27;06/01/2025 10:40;1.22;0;0;;;;;
3721571;06/01/2025 12:16;06/01/2025 12:43;0.45;2.14;0.96;;;;;
3796097;06/01/2025 14:45;06/01/2025 17:03;2.3;2.9;6.67;;;;;
4053726;07/01/2025 07:42;07/01/2025 17:04;9.37;3.12;29.23;;;;;
4120340;07/01/2025 08:00;07/01/2025 16:59;8.98;2.52;22.63;;;;;
4320046;07/01/2025 08:52;07/01/2025 17:34;8.7;2.41;20.97;;;;;
4386174;07/01/2025 09:01;07/01/2025 11:50;2.82;2.5;7.05;;;;;
4452809;07/01/2025 09:20;07/01/2025 18:04;8.73;2.79;24.36;;;;;
4518432;07/01/2025 09:21;07/01/2025 18:19;8.97;2.35;21.08;;;;;
4584347;07/01/2025 09:28;07/01/2025 12:35;3.12;3.47;10.83;;;;;
4649942;07/01/2025 09:29;07/01/2025 12:41;3.2;3.59;11.49;;;;;
4715503;07/01/2025 09:29;07/01/2025 18:47;9.3;2.38;22.13;;;;;
4781995;07/01/2025 09:45;07/01/2025 18:40;8.92;1.16;10.35;;;;;
4786806;07/01/2025 11:05;07/01/2025 18:32;7.45;3.16;23.54;;;;;
4859398;07/01/2025 13:03;07/01/2025 20:28;7.42;2.32;17.21;;;;;
4927946;07/01/2025 13:53;07/01/2025 18:47;4.9;4.03;19.75;;;;;
4993708;07/01/2025 13:57;07/01/2025 18:25;4.47;1.49;6.66;;;;;
5058728;08/01/2025 08:01;08/01/2025 17:24;9.38;1.87;17.54;;;;;
5258122;08/01/2025 08:47;08/01/2025 17:03;8.27;3.19;26.38;;;;;
5324112;08/01/2025 08:55;08/01/2025 17:59;9.07;2.34;21.22;;;;;
5391364;08/01/2025 09:24;08/01/2025 17:04;7.67;2.37;18.18;;;;;
5457141;08/01/2025 09:28;08/01/2025 13:07;3.65;3.55;12.96;;;;;
5523491;08/01/2025 09:41;08/01/2025 19:42;10.02;0.85;8.52;;;;;
5593256;08/01/2025 10:52;08/01/2025 12:11;1.32;2.66;3.51;;;;;
5660218;08/01/2025 11:15;08/01/2025 19:15;8;3.1;24.8;;;;;
5735339;08/01/2025 13:55;08/01/2025 18:15;4.33;3.37;14.59;;;;;
5801785;08/01/2025 14:10;08/01/2025 17:57;3.78;4.08;15.42;;;;;
100656;08/01/2025 14:19;08/01/2025 14:23;0.07;3.57;0.25;;;;;
106815;08/01/2025 16:01;08/01/2025 18:22;2.35;3.5;8.23;;;;;
163165;09/01/2025 07:40;09/01/2025 17:13;9.55;3.96;37.82;;;;;
231279;09/01/2025 08:23;09/01/2025 12:28;4.08;4.1;16.73;;;;;
298465;09/01/2025 08:51;09/01/2025 17:46;8.92;2.04;18.2;;;;;
364345;09/01/2025 08:56;09/01/2025 17:23;8.45;3.22;27.21;;;;;
431500;09/01/2025 09:23;09/01/2025 13:17;3.9;0.26;1.01;;;;;
515862;09/01/2025 14:37;09/01/2025 18:20;3.72;0.22;0.82;;;;;
184320;10/01/2025 07:45;10/01/2025 17:11;9.43;2.54;23.95;;;;;
250831;10/01/2025 08:01;10/01/2025 17:04;9.05;3.25;29.41;;;;;
317102;10/01/2025 08:13;10/01/2025 13:08;4.92;0.3;1.48;;;;;
383858;10/01/2025 08:33;10/01/2025 17:31;8.97;1.77;15.88;;;;;
449629;10/01/2025 08:37;10/01/2025 18:02;9.42;1.63;15.35;;;;;
515626;10/01/2025 08:45;10/01/2025 17:51;9.1;3.53;32.12;;;;;
584040;10/01/2025 09:34;10/01/2025 18:56;9.37;1.86;17.43;;;;;
650714;10/01/2025 09:53;10/01/2025 12:14;2.35;3.29;7.73;;;;;
716924;10/01/2025 10:04;10/01/2025 16:21;6.28;2.95;18.53;;;;;
851808;10/01/2025 11:08;10/01/2025 19:46;8.63;1.71;14.76;;;;;
859424;10/01/2025 13:15;10/01/2025 18:12;4.95;0.32;1.58;;;;;
927803;10/01/2025 14:02;10/01/2025 18:32;4.5;3.17;14.27;;;;;
995265;10/01/2025 14:34;10/01/2025 18:14;3.67;3.05;11.19;;;;;
1127565;10/01/2025 14:55;10/01/2025 17:54;2.98;3.61;10.76;;;;;
1230097;13/01/2025 07:48;13/01/2025 17:09;9.35;2.32;21.69;;;;;
1296066;13/01/2025 07:55;13/01/2025 17:00;9.08;2.39;21.7;;;;;
1361730;13/01/2025 07:57;13/01/2025 17:27;9.5;2.83;26.89;;;;;
1428709;13/01/2025 08:21;13/01/2025 12:18;3.95;2.7;10.67;;;;;
1494430;13/01/2025 08:24;13/01/2025 17:28;9.07;2.5;22.68;;;;;
1560782;13/01/2025 08:38;13/01/2025 12:39;4.02;2.08;8.36;;;;;
1627220;13/01/2025 08:53;13/01/2025 19:00;10.12;2.27;22.97;;;;;
1692984;13/01/2025 08:57;13/01/2025 12:15;3.3;0.41;1.35;;;;;
1758858;13/01/2025 09:02;13/01/2025 19:35;10.55;2.07;21.84;;;;;
1824467;13/01/2025 09:04;13/01/2025 18:08;9.07;2.22;20.14;;;;;
1890464;13/01/2025 09:11;13/01/2025 12:07;2.93;1.76;5.16;;;;;
1956050;13/01/2025 09:12;13/01/2025 17:18;8.1;2.33;18.87;;;;;
2022075;13/01/2025 09:20;13/01/2025 12:45;3.42;1.97;6.74;;;;;
2088153;13/01/2025 09:29;13/01/2025 16:40;7.18;2.47;17.73;;;;;
2154152;13/01/2025 09:37;13/01/2025 12:31;2.9;2;5.8;;;;;
66944;13/01/2025 12:23;13/01/2025 17:41;5.3;1.81;9.59;;;;;
136700;13/01/2025 13:33;13/01/2025 19:46;6.22;1.72;10.7;;;;;
204268;13/01/2025 14:07;13/01/2025 18:28;4.35;2.21;9.61;;;;;
269942;13/01/2025 14:09;13/01/2025 18:54;4.75;3.44;16.34;;;;;
343187;13/01/2025 16:18;13/01/2025 19:16;2.97;3.44;10.22;;;;;
71420;14/01/2025 07:50;14/01/2025 17:34;9.73;1.31;12.75;;;;;
137131;14/01/2025 07:52;14/01/2025 15:01;7.15;2.83;20.23;;;;;
204186;14/01/2025 08:18;14/01/2025 17:08;8.83;3.45;30.46;;;;;
270511;14/01/2025 08:31;14/01/2025 14:35;6.07;3.48;21.12;;;;;
336682;14/01/2025 08:42;14/01/2025 19:37;10.92;2.5;27.3;;;;;
402625;14/01/2025 08:48;14/01/2025 10:08;1.33;1.73;2.3;;;;;
468735;14/01/2025 08:58;14/01/2025 17:59;9.02;2.08;18.76;;;;;
534901;14/01/2025 09:08;14/01/2025 12:38;3.5;2.07;7.25;;;;;
600466;14/01/2025 09:09;14/01/2025 13:35;4.43;0.89;3.94;;;;;
667020;14/01/2025 09:26;14/01/2025 10:55;1.48;2.48;3.67;;;;;
733702;14/01/2025 09:45;14/01/2025 19:09;9.4;2.23;20.96;;;;;
799884;14/01/2025 09:56;14/01/2025 12:46;2.83;1.96;5.55;;;;;
865634;14/01/2025 09:59;14/01/2025 13:38;3.65;3;10.95;;;;;
1011826;14/01/2025 14:11;14/01/2025 18:22;4.18;2.49;10.41;;;;;
1078834;14/01/2025 14:36;14/01/2025 19:34;4.97;2.72;13.52;;;;;
1144968;14/01/2025 14:46;14/01/2025 19:01;4.25;1.79;7.61;;;;;
1206499;15/01/2025 07:51;15/01/2025 16:50;8.98;3.72;33.41;;;;;
1338516;15/01/2025 08:07;15/01/2025 13:05;4.97;4.08;20.28;;;;;
1404878;15/01/2025 08:20;15/01/2025 17:34;9.23;1.73;15.97;;;;;
1470722;15/01/2025 08:26;15/01/2025 12:44;4.3;3.67;15.78;;;;;
1537715;15/01/2025 08:50;15/01/2025 11:27;2.62;1.75;4.59;;;;;
1603302;15/01/2025 08:51;15/01/2025 12:44;3.88;1.37;5.32;;;;;
1670013;15/01/2025 09:10;15/01/2025 12:44;3.57;3.65;13.03;;;;;
1735961;15/01/2025 09:17;15/01/2025 12:39;3.37;2.69;9.07;;;;;
1802494;15/01/2025 09:34;15/01/2025 12:23;2.82;3.18;8.97;;;;;
1952822;15/01/2025 14:55;15/01/2025 19:47;4.87;1.44;7.01;;;;;
2235840;15/01/2025 20:42;16/01/2025 09:41;12.98;1.65;21.42;;;;;
2341652;16/01/2025 07:53;16/01/2025 17:30;9.62;3.07;29.53;;;;;
2407412;16/01/2025 07:57;16/01/2025 16:55;8.97;2.92;26.19;;;;;
2474021;16/01/2025 08:15;16/01/2025 10:48;2.55;4.32;11.02;;;;;
2541165;16/01/2025 08:43;16/01/2025 13:09;4.43;1.14;5.05;;;;;
2607201;16/01/2025 08:51;16/01/2025 21:29;12.63;2.1;26.52;;;;;
2738522;16/01/2025 08:55;16/01/2025 18:30;9.58;2.85;27.3;;;;;
2672976;16/01/2025 08:55;16/01/2025 08:55;0;0;0;;;;;
2804191;16/01/2025 08:58;16/01/2025 18:07;9.15;3.06;28;;;;;
2870329;16/01/2025 09:08;16/01/2025 12:45;3.62;1.73;6.26;;;;;
2936581;16/01/2025 09:20;16/01/2025 11:24;2.07;2.48;5.13;;;;;
3002269;16/01/2025 09:22;16/01/2025 18:42;9.33;3.03;28.27;;;;;
3067851;16/01/2025 09:23;16/01/2025 13:21;3.97;2.6;10.32;;;;;
3138659;16/01/2025 10:51;16/01/2025 14:34;3.72;3.81;14.17;;;;;
3204287;16/01/2025 10:52;16/01/2025 22:40;11.8;2.1;24.78;;;;;
3273537;16/01/2025 11:54;16/01/2025 17:32;5.63;1.35;7.6;;;;;
3479683;16/01/2025 14:33;16/01/2025 18:12;3.65;2.92;10.66;;;;;
3545265;16/01/2025 14:34;16/01/2025 16:06;1.53;2.14;3.27;;;;;
3681131;16/01/2025 15:54;16/01/2025 17:06;1.2;2.42;2.9;;;;;
3803516;17/01/2025 07:41;17/01/2025 17:26;9.75;2.58;25.16;;;;;
3935074;17/01/2025 07:49;17/01/2025 19:42;11.88;2.92;34.69;;;;;
3869513;17/01/2025 07:49;17/01/2025 16:53;9.07;1.98;17.96;;;;;
4000939;17/01/2025 07:54;17/01/2025 15:28;7.57;3;22.71;;;;;
4068606;17/01/2025 08:30;17/01/2025 10:23;1.88;2.93;5.51;;;;;
4134322;17/01/2025 08:33;17/01/2025 08:33;0;0;0;;;;;
4199989;17/01/2025 08:35;17/01/2025 14:27;5.87;2.37;13.91;;;;;
4266417;17/01/2025 08:50;17/01/2025 13:51;5.02;1.75;8.79;;;;;
4332857;17/01/2025 09:05;17/01/2025 12:49;3.73;1.44;5.37;;;;;
4398590;17/01/2025 09:08;17/01/2025 11:55;2.78;0.98;2.72;;;;;
4464462;17/01/2025 09:14;17/01/2025 19:09;9.92;1.9;18.85;;;;;
4530561;17/01/2025 09:23;17/01/2025 12:14;2.85;0.96;2.74;;;;;
4596206;17/01/2025 09:25;17/01/2025 17:04;7.65;2.35;17.98;;;;;
4662133;17/01/2025 09:32;17/01/2025 09:32;0;0;0;;;;;
4727749;17/01/2025 09:33;17/01/2025 13:02;3.48;2.31;8.04;;;;;
4794079;17/01/2025 09:46;17/01/2025 12:49;3.05;2.03;6.19;;;;;
4860565;17/01/2025 10:02;17/01/2025 13:37;3.58;1.83;6.55;;;;;
4930616;17/01/2025 11:17;17/01/2025 18:48;7.52;2.21;16.62;;;;;
5006677;17/01/2025 14:13;17/01/2025 19:15;5.03;0.32;1.61;;;;;
5072380;17/01/2025 14:15;17/01/2025 18:31;4.27;1.93;8.24;;;;;
5138283;17/01/2025 14:22;17/01/2025 19:38;5.27;1.31;6.9;;;;;
5204596;17/01/2025 14:35;17/01/2025 19:15;4.67;2.45;11.44;;;;;
5274403;17/01/2025 15:46;17/01/2025 17:59;2.22;4.15;9.21;;;;;
5339965;17/01/2025 15:46;21/01/2025 06:46;87;0.49;42.63;;;;;
5406026;17/01/2025 15:55;17/01/2025 18:48;2.88;1.76;5.07;;;;;
5966148;20/01/2025 08:29;23/01/2025 09:27;72.97;3.44;251.02;;;;;
6032012;20/01/2025 08:34;20/01/2025 09:21;0.78;3.78;2.95;;;;;
6097654;20/01/2025 08:36;20/01/2025 09:39;1.05;3.34;3.51;;;;;
6163923;20/01/2025 08:48;20/01/2025 18:00;9.2;1.84;16.93;;;;;
6229516;20/01/2025 08:49;20/01/2025 15:45;6.93;2.42;16.77;;;;;
6295266;20/01/2025 08:53;20/01/2025 17:57;9.07;0.82;7.44;;;;;
6361130;20/01/2025 08:58;20/01/2025 19:19;10.35;0.31;3.21;;;;;
6494088;20/01/2025 09:30;20/01/2025 19:37;10.12;2.5;25.3;;;;;
6559714;20/01/2025 09:31;20/01/2025 12:40;3.15;1.85;5.83;;;;;
6625654;20/01/2025 09:38;20/01/2025 19:42;10.07;2.63;26.48;;;;;
6694215;20/01/2025 10:28;20/01/2025 18:25;7.95;1.82;14.47;;;;;
6759800;20/01/2025 10:29;20/01/2025 12:26;1.95;2.6;5.07;;;;;
6825399;20/01/2025 10:30;20/01/2025 17:09;6.65;2.04;13.57;;;;;
6890945;20/01/2025 10:30;20/01/2025 13:26;2.93;1.9;5.57;;;;;
6956512;20/01/2025 10:31;20/01/2025 17:14;6.72;1.64;11.02;;;;;
7022217;20/01/2025 10:34;20/01/2025 13:20;2.77;1.18;3.27;;;;;
7101953;20/01/2025 14:30;20/01/2025 18:23;3.88;3.94;15.29;;;;;
7160601;21/01/2025 06:48;21/01/2025 16:48;10;1.86;18.6;;;;;
7229349;21/01/2025 07:41;21/01/2025 17:10;9.48;3.18;30.15;;;;;
7296081;21/01/2025 08:01;21/01/2025 12:15;4.23;3.78;15.99;;;;;
7364661;21/01/2025 08:52;21/01/2025 17:03;8.18;2.05;16.77;;;;;
7430422;21/01/2025 08:55;21/01/2025 19:29;10.57;1.91;20.19;;;;;
7497331;21/01/2025 09:18;21/01/2025 18:33;9.25;2.38;22.02;;;;;
7563134;21/01/2025 09:23;21/01/2025 12:53;3.5;3.88;13.58;;;;;
7629424;21/01/2025 09:35;21/01/2025 12:15;2.67;2.8;7.48;;;;;
7695143;21/01/2025 09:38;21/01/2025 12:53;3.25;0.83;2.7;;;;;
7766361;21/01/2025 11:13;21/01/2025 19:16;8.05;3.28;26.4;;;;;
7841599;21/01/2025 13:56;21/01/2025 18:10;4.23;4.16;17.6;;;;;
7907377;21/01/2025 14:00;21/01/2025 17:06;3.1;4.41;13.67;;;;;
7973627;21/01/2025 14:12;21/01/2025 18:34;4.37;4.21;18.4;;;;;
8040339;21/01/2025 14:31;21/01/2025 18:31;4;2.84;11.36;;;;;
8112394;21/01/2025 16:20;23/01/2025 09:27;41.12;1.44;59.21;;;;;
8233279;22/01/2025 07:42;22/01/2025 12:21;4.65;2.95;13.72;;;;;
8301492;22/01/2025 08:27;22/01/2025 10:58;2.52;4.14;10.43;;;;;
8367401;22/01/2025 08:33;22/01/2025 12:47;4.23;2.84;12.01;;;;;
8433470;22/01/2025 08:42;22/01/2025 10:36;1.9;3.57;6.78;;;;;
8499695;22/01/2025 08:53;22/01/2025 18:30;9.62;2.46;23.67;;;;;
8567380;22/01/2025 09:29;22/01/2025 17:20;7.85;3.68;28.89;;;;;
8633436;22/01/2025 09:38;22/01/2025 16:31;6.88;1.76;12.11;;;;;
8700328;22/01/2025 10:00;22/01/2025 13:36;3.6;1.83;6.59;;;;;
8768843;22/01/2025 10:50;22/01/2025 18:33;7.72;3.4;26.25;;;;;
8840036;22/01/2025 12:24;22/01/2025 17:13;4.82;3.82;18.41;;;;;
8847444;22/01/2025 14:28;22/01/2025 18:19;3.85;3.59;13.82;;;;;
9040981;23/01/2025 07:48;23/01/2025 09:27;1.65;4.16;6.86;;;;;
9044929;23/01/2025 08:54;23/01/2025 09:27;0.55;4.13;2.27;;;;;
9110607;23/01/2025 08:57;23/01/2025 09:27;0.5;3.93;1.97;;;;;
9176510;23/01/2025 09:03;23/01/2025 09:28;0.42;3.98;1.67;;;;;
9243221;23/01/2025 09:22;23/01/2025 09:28;0.1;0;0;;;;;
9309130;23/01/2025 09:29;23/01/2025 12:24;2.92;1.97;5.75;;;;;
9374694;23/01/2025 09:29;23/01/2025 14:09;4.67;0.63;2.94;;;;;
9441191;23/01/2025 09:45;23/01/2025 18:30;8.75;1.65;14.44;;;;;
9507510;23/01/2025 09:58;23/01/2025 12:48;2.83;4.36;12.34;;;;;
9586067;23/01/2025 13:35;23/01/2025 17:36;4.02;1.87;7.52;;;;;
9653124;23/01/2025 14:00;23/01/2025 17:59;3.98;1.8;7.16;;;;;
9720683;23/01/2025 14:34;23/01/2025 17:09;2.58;0.86;2.22;;;;;
9787220;23/01/2025 14:51;23/01/2025 18:57;4.1;4.27;17.51;;;;;
411814;24/01/2025 08:01;24/01/2025 14:07;6.1;4.17;25.44;;;;;
477521;24/01/2025 08:04;24/01/2025 14:07;6.05;3.66;22.14;;;;;
544063;24/01/2025 08:21;24/01/2025 13:00;4.65;3.64;16.93;;;;;
611003;24/01/2025 08:44;24/01/2025 14:07;5.38;2.42;13.02;;;;;
676632;24/01/2025 08:46;24/01/2025 14:06;5.33;3.57;19.03;;;;;
743492;24/01/2025 09:08;24/01/2025 13:00;3.87;3.64;14.09;;;;;
810541;24/01/2025 09:33;24/01/2025 13:08;3.58;1.02;3.65;;;;;
877864;24/01/2025 10:03;24/01/2025 12:38;2.58;4.01;10.35;;;;;
1023076;24/01/2025 13:58;24/01/2025 14:08;0.17;0.39;0.07;;;;;
1089281;24/01/2025 14:09;24/01/2025 18:09;4;0.7;2.8;;;;;
1156400;24/01/2025 14:36;24/01/2025 17:08;2.53;3.74;9.46;;;;;
1221940;24/01/2025 14:36;24/01/2025 19:00;4.4;0.93;4.09;;;;;
211352;27/01/2025 07:45;27/01/2025 19:01;11.27;3.05;34.37;;;;;
277370;27/01/2025 07:53;27/01/2025 17:12;9.32;3.81;35.51;;;;;
344238;27/01/2025 08:16;27/01/2025 17:30;9.23;1.68;15.51;;;;;
476463;27/01/2025 08:35;27/01/2025 13:01;4.43;3.73;16.52;;;;;
543388;27/01/2025 08:58;27/01/2025 12:03;3.08;2.51;7.73;;;;;
609190;27/01/2025 09:02;27/01/2025 19:23;10.35;2.89;29.91;;;;;
674761;27/01/2025 09:03;27/01/2025 09:15;0.2;3.61;0.72;;;;;
740807;27/01/2025 09:12;27/01/2025 12:53;3.68;3.48;12.81;;;;;
872697;27/01/2025 09:25;27/01/2025 18:50;9.42;4.26;40.13;;;;;
807122;27/01/2025 09:25;27/01/2025 16:25;7;0.98;6.86;;;;;
949214;27/01/2025 12:28;27/01/2025 16:31;4.05;2.6;10.53;;;;;
1021108;27/01/2025 14:14;27/01/2025 18:16;4.03;4.5;18.14;;;;;
1087429;27/01/2025 14:27;27/01/2025 19:00;4.55;4.34;19.75;;;;;
1219365;27/01/2025 14:42;27/01/2025 17:12;2.5;0.74;1.85;;;;;
1292418;27/01/2025 16:47;27/01/2025 19:40;2.88;3.66;10.54;;;;;
1543846;28/01/2025 08:00;28/01/2025 12:21;4.35;3.63;15.79;;;;;
1609603;28/01/2025 08:04;28/01/2025 17:10;9.1;2.62;23.84;;;;;
1675526;28/01/2025 08:10;28/01/2025 08:50;0.67;4.26;2.85;;;;;
1742647;28/01/2025 08:37;28/01/2025 19:36;10.98;2.84;31.18;;;;;
1809053;28/01/2025 08:51;28/01/2025 13:01;4.17;1.14;4.75;;;;;
1874725;28/01/2025 08:54;28/01/2025 18:46;9.87;2.81;27.73;;;;;
1940698;28/01/2025 09:01;28/01/2025 17:59;8.97;2.17;19.46;;;;;
2006750;28/01/2025 09:09;28/01/2025 12:49;3.67;2.86;10.5;;;;;
2072304;28/01/2025 09:10;28/01/2025 14:04;4.9;1.85;9.07;;;;;
2137851;28/01/2025 09:10;28/01/2025 17:55;8.75;2.51;21.96;;;;;
2203755;28/01/2025 09:16;28/01/2025 13:40;4.4;3.04;13.38;;;;;
2270703;28/01/2025 09:40;28/01/2025 12:54;3.23;1.71;5.52;;;;;
2336732;28/01/2025 09:48;28/01/2025 19:36;9.8;1.48;14.5;;;;;
2404975;28/01/2025 10:33;28/01/2025 19:34;9.02;2.09;18.85;;;;;
2479301;28/01/2025 13:00;28/01/2025 19:03;6.05;0.07;0.42;;;;;
2548226;28/01/2025 13:57;28/01/2025 17:33;3.6;2.66;9.58;;;;;
2614823;28/01/2025 14:14;28/01/2025 17:37;3.38;3.1;10.48;;;;;
2680616;28/01/2025 14:19;28/01/2025 19:05;4.77;2.22;10.59;;;;;
2746272;28/01/2025 14:21;28/01/2025 18:16;3.92;3.59;14.07;;;;;
3006835;29/01/2025 08:06;29/01/2025 17:07;9.02;2.99;26.97;;;;;
3072736;29/01/2025 08:12;29/01/2025 15:45;7.55;3.12;23.56;;;;;
3139095;29/01/2025 08:26;29/01/2025 12:34;4.13;1.46;6.03;;;;;
3206443;29/01/2025 08:56;29/01/2025 20:45;11.82;2.73;32.27;;;;;
3271989;29/01/2025 08:57;29/01/2025 11:47;2.83;1.8;5.09;;;;;
3338180;29/01/2025 09:07;29/01/2025 17:50;8.72;2.26;19.71;;;;;
3404270;29/01/2025 09:17;29/01/2025 12:39;3.37;3.9;13.14;;;;;
3470139;29/01/2025 09:22;29/01/2025 12:58;3.6;1.32;4.75;;;;;
3536932;29/01/2025 09:43;29/01/2025 12:55;3.2;0.32;1.02;;;;;
3602800;29/01/2025 09:49;29/01/2025 17:37;7.8;1.86;14.51;;;;;
3668964;29/01/2025 09:59;29/01/2025 18:49;8.83;1.83;16.16;;;;;
3681717;29/01/2025 13:32;29/01/2025 17:09;3.62;2.03;7.35;;;;;
3747475;29/01/2025 13:35;29/01/2025 17:48;4.22;1.62;6.84;;;;;
3880672;29/01/2025 14:11;29/01/2025 18:08;3.95;1.36;5.37;;;;;
3815130;29/01/2025 14:11;29/01/2025 16:50;2.65;0.54;1.43;;;;;
3946647;29/01/2025 14:18;29/01/2025 18:45;4.45;3.13;13.93;;;;;
4013563;29/01/2025 14:41;29/01/2025 18:44;4.05;0.82;3.32;;;;;
4141847;30/01/2025 08:07;30/01/2025 12:22;4.25;1.39;5.91;;;;;
4210737;30/01/2025 09:02;30/01/2025 18:20;9.3;4.26;39.62;;;;;
4276739;30/01/2025 09:10;30/01/2025 12:56;3.77;4.29;16.17;;;;;
4342720;30/01/2025 09:18;30/01/2025 19:04;9.77;1.76;17.2;;;;;
4411362;30/01/2025 10:09;30/01/2025 19:05;8.93;1.86;16.61;;;;;
4491359;30/01/2025 14:10;30/01/2025 17:49;3.65;2.74;10;;;;;
4560311;30/01/2025 15:07;30/01/2025 18:54;3.78;3.71;14.02;;;;;
4620601;31/01/2025 07:53;31/01/2025 21:16;13.38;2.78;37.2;;;;;
4686278;31/01/2025 07:55;31/01/2025 07:56;0.02;2.12;0.04;;;;;
4751998;31/01/2025 07:58;01/02/2025 00:05;16.12;1.36;21.92;;;;;
4817958;31/01/2025 08:05;31/01/2025 22:25;14.33;2.7;38.69;;;;;
4885089;31/01/2025 08:32;31/01/2025 13:26;4.9;0.95;4.66;;;;;
4951034;31/01/2025 08:39;01/02/2025 02:54;18.25;2.18;39.79;;;;;
5017248;31/01/2025 08:50;31/01/2025 23:04;14.23;1;14.23;;;;;
5083344;31/01/2025 08:59;31/01/2025 23:43;14.73;1.15;16.94;;;;;
5215696;31/01/2025 09:21;31/01/2025 23:18;13.95;1.57;21.9;;;;;
5150152;31/01/2025 09:21;31/01/2025 12:20;2.98;2.72;8.11;;;;;
5281789;31/01/2025 09:30;31/01/2025 23:07;13.62;1.42;19.34;;;;;
5347536;31/01/2025 09:33;31/01/2025 11:59;2.43;2.53;6.15;;;;;
5413463;31/01/2025 09:40;31/01/2025 12:24;2.73;2.56;6.99;;;;;
5479528;31/01/2025 09:49;01/02/2025 00:07;14.3;1.87;26.74;;;;;
5690845;31/01/2025 13:54;01/02/2025 00:59;11.08;1.2;13.3;;;;;
5625307;31/01/2025 13:54;31/01/2025 23:43;9.82;0.29;2.85;;;;;
5756447;31/01/2025 13:55;31/01/2025 22:54;8.98;3.46;31.07;;;;;
5822207;31/01/2025 13:59;31/01/2025 17:14;3.25;0.72;2.34;;;;;
5959541;31/01/2025 15:43;01/02/2025 01:30;9.78;0.53;5.18;;;;;
160493;03/02/2025 07:41;03/02/2025 09:10;1.48;3.78;5.59;;;;;
228669;03/02/2025 08:25;03/02/2025 09:10;0.75;4.33;3.25;;;;;
294493;03/02/2025 08:30;03/02/2025 09:10;0.67;4.15;2.78;;;;;
361280;03/02/2025 08:50;03/02/2025 09:10;0.33;3.8;1.25;;;;;
426977;03/02/2025 08:53;03/02/2025 09:09;0.27;0;0;;;;;
492629;03/02/2025 08:55;03/02/2025 09:10;0.25;3.18;0.8;;;;;
560033;03/02/2025 09:26;03/02/2025 19:08;9.7;0.86;8.34;;;;;
626401;03/02/2025 09:40;03/02/2025 12:29;2.82;3.51;9.9;;;;;
692848;03/02/2025 09:55;03/02/2025 09:55;0;0;0;;;;;
758512;03/02/2025 09:57;03/02/2025 17:28;7.52;2.94;22.11;;;;;
1034406;03/02/2025 13:46;03/02/2025 13:46;0;0;0;;;;;
1100003;03/02/2025 13:48;03/02/2025 18:52;5.07;2.44;12.37;;;;;
1232181;03/02/2025 14:06;03/02/2025 18:52;4.77;2.84;13.55;;;;;
1298368;03/02/2025 14:17;03/02/2025 18:25;4.13;2.88;11.89;;;;;
1364361;03/02/2025 14:24;03/02/2025 19:09;4.75;4.38;20.81;;;;;
1558574;04/02/2025 07:56;04/02/2025 18:33;10.62;2.8;29.74;;;;;
1626375;04/02/2025 08:34;04/02/2025 12:42;4.13;3.88;16.02;;;;;
1692564;04/02/2025 08:45;04/02/2025 18:16;9.52;2.53;24.09;;;;;
1758154;04/02/2025 08:46;04/02/2025 18:18;9.53;2.51;23.92;;;;;
1824273;04/02/2025 08:56;04/02/2025 13:09;4.22;0.65;2.74;;;;;
1890028;04/02/2025 08:59;04/02/2025 10:05;1.1;3.65;4.02;;;;;
1955762;04/02/2025 09:03;04/02/2025 13:09;4.1;3.09;12.67;;;;;
2021682;04/02/2025 09:09;04/02/2025 13:20;4.18;3.91;16.34;;;;;
2088419;04/02/2025 09:29;04/02/2025 18:09;8.67;1.96;16.99;;;;;
2298334;04/02/2025 13:11;04/02/2025 17:44;4.55;0.89;4.05;;;;;
2364983;04/02/2025 13:29;04/02/2025 17:01;3.53;0.14;0.49;;;;;
2498429;04/02/2025 14:09;04/02/2025 19:03;4.9;1.02;5;;;;;
2564008;04/02/2025 14:10;04/02/2025 19:10;5;3.59;17.95;;;;;
2762653;04/02/2025 14:44;04/02/2025 18:57;4.22;4.49;18.95;;;;;
136719;05/02/2025 07:41;05/02/2025 17:24;9.72;2.5;24.3;;;;;
204645;05/02/2025 08:20;05/02/2025 14:46;6.43;4.43;28.48;;;;;
270398;05/02/2025 08:24;05/02/2025 10:43;2.32;3.35;7.77;;;;;
336285;05/02/2025 08:30;05/02/2025 17:42;9.2;2.37;21.8;;;;;
402648;05/02/2025 08:44;05/02/2025 13:58;5.23;4;20.92;;;;;
468933;05/02/2025 08:56;05/02/2025 12:52;3.93;2.24;8.8;;;;;
534534;05/02/2025 08:57;05/02/2025 19:29;10.53;0.48;5.05;;;;;
600090;05/02/2025 08:58;05/02/2025 18:01;9.05;3.89;35.2;;;;;
665820;05/02/2025 09:01;05/02/2025 17:58;8.95;2.05;18.35;;;;;
733996;05/02/2025 09:45;05/02/2025 20:03;10.3;2.58;26.57;;;;;
811788;05/02/2025 13:09;05/02/2025 19:49;6.67;1.6;10.67;;;;;
877700;05/02/2025 13:15;05/02/2025 19:09;5.9;0.82;4.84;;;;;
1206335;06/02/2025 07:44;06/02/2025 13:15;5.52;0.12;0.66;;;;;
1272725;06/02/2025 07:58;06/02/2025 12:42;4.73;3.1;14.66;;;;;
1338267;06/02/2025 07:59;06/02/2025 13:14;5.25;2.96;15.54;;;;;
1405857;06/02/2025 08:33;06/02/2025 17:19;8.77;2.43;21.31;;;;;
1471852;06/02/2025 08:40;06/02/2025 12:59;4.32;0.89;3.84;;;;;
1538031;06/02/2025 08:51;06/02/2025 18:19;9.47;3.61;34.19;;;;;
1603857;06/02/2025 08:56;06/02/2025 18:14;9.3;3.51;32.64;;;;;
1669760;06/02/2025 09:02;06/02/2025 10:23;1.35;2.75;3.71;;;;;
1735909;06/02/2025 09:12;06/02/2025 18:57;9.75;2.93;28.57;;;;;
1801770;06/02/2025 09:18;06/02/2025 19:08;9.83;1.94;19.07;;;;;
1867562;06/02/2025 09:22;06/02/2025 13:55;4.55;2.56;11.65;;;;;
1933124;06/02/2025 09:22;06/02/2025 18:54;9.53;0.5;4.77;;;;;
2003677;06/02/2025 10:46;06/02/2025 18:12;7.43;3.07;22.81;;;;;
2082175;06/02/2025 14:22;06/02/2025 19:24;5.03;2.18;10.97;;;;;
180053;07/02/2025 08:08;07/02/2025 15:20;7.2;2.64;19.01;;;;;
379441;07/02/2025 08:54;07/02/2025 18:10;9.27;2.26;20.95;;;;;
445205;07/02/2025 08:58;07/02/2025 16:42;7.73;0.21;1.62;;;;;
642478;07/02/2025 09:09;07/02/2025 11:23;2.23;2.74;6.11;;;;;
708249;07/02/2025 09:13;07/02/2025 13:08;3.92;1.11;4.35;;;;;
773800;07/02/2025 09:13;07/02/2025 16:49;7.6;2.87;21.81;;;;;
840005;07/02/2025 09:24;07/02/2025 12:38;3.23;2.61;8.43;;;;;
905552;07/02/2025 09:24;07/02/2025 12:41;3.28;2.01;6.59;;;;;
971105;07/02/2025 09:25;07/02/2025 11:25;2;0.76;1.52;;;;;
1037070;07/02/2025 09:32;07/02/2025 18:36;9.07;1.65;14.97;;;;;
1103725;07/02/2025 09:50;07/02/2025 16:56;7.1;2.02;14.34;;;;;
1117803;07/02/2025 13:45;07/02/2025 17:27;3.7;2.07;7.66;;;;;
70581;07/02/2025 14:08;07/02/2025 19:41;5.55;1.69;9.38;;;;;
110517;10/02/2025 07:50;10/02/2025 17:09;9.32;2.68;24.98;;;;;
176579;10/02/2025 07:59;10/02/2025 12:12;4.22;0.24;1.01;;;;;
242497;10/02/2025 08:05;10/02/2025 17:23;9.3;2.69;25.02;;;;;
310165;10/02/2025 08:41;10/02/2025 09:10;0.48;4.39;2.11;;;;;
375803;10/02/2025 08:42;10/02/2025 19:18;10.6;2.8;29.68;;;;;
442950;10/02/2025 09:09;10/02/2025 13:24;4.25;0.84;3.57;;;;;
508656;10/02/2025 09:12;10/02/2025 18:40;9.47;2.65;25.1;;;;;
574455;10/02/2025 09:16;10/02/2025 12:44;3.47;2.13;7.39;;;;;
640393;10/02/2025 09:23;10/02/2025 19:20;9.95;1.22;12.14;;;;;
706289;10/02/2025 09:29;10/02/2025 19:03;9.57;2.85;27.27;;;;;
197842;10/02/2025 13:53;10/02/2025 18:07;4.23;1.11;4.7;;;;;
263803;10/02/2025 14:00;10/02/2025 18:47;4.78;2.87;13.72;;;;;
329868;10/02/2025 14:09;10/02/2025 18:49;4.67;1.09;5.09;;;;;
396806;10/02/2025 14:32;10/02/2025 18:58;4.43;3.22;14.26;;;;;
462552;10/02/2025 14:36;10/02/2025 18:53;4.28;3.91;16.73;;;;;
198868;11/02/2025 08:23;11/02/2025 12:49;4.43;1.37;6.07;;;;;
264964;11/02/2025 08:32;11/02/2025 16:37;8.08;2.75;22.22;;;;;
330792;11/02/2025 08:37;11/02/2025 17:32;8.92;2.02;18.02;;;;;
396790;11/02/2025 08:45;11/02/2025 09:09;0.4;3.81;1.52;;;;;
463059;11/02/2025 08:57;11/02/2025 13:09;4.2;0.58;2.44;;;;;
528718;11/02/2025 08:59;11/02/2025 19:07;10.13;0.16;1.62;;;;;
594573;11/02/2025 09:04;11/02/2025 18:29;9.42;1.58;14.88;;;;;
725905;11/02/2025 09:08;11/02/2025 17:37;8.48;2.72;23.07;;;;;
660339;11/02/2025 09:08;11/02/2025 18:12;9.07;1.9;17.23;;;;;
792359;11/02/2025 09:24;11/02/2025 12:42;3.3;3.09;10.2;;;;;
79954;11/02/2025 11:45;11/02/2025 18:33;6.8;2.67;18.16;;;;;
145678;11/02/2025 11:48;11/02/2025 17:59;6.18;4.13;25.52;;;;;
146762;11/02/2025 12:06;11/02/2025 19:07;7.02;0;0;;;;;
212341;11/02/2025 12:07;11/02/2025 17:08;5.02;2.14;10.74;;;;;
87552;11/02/2025 13:52;11/02/2025 18:10;4.3;2.06;8.86;;;;;
153857;11/02/2025 14:05;11/02/2025 19:48;5.72;1.93;11.04;;;;;
287255;11/02/2025 14:43;11/02/2025 18:30;3.78;0.26;0.98;;;;;
352806;11/02/2025 14:44;11/02/2025 19:00;4.27;0.65;2.78;;;;;
1266372;12/02/2025 07:50;12/02/2025 17:05;9.25;2.77;25.62;;;;;
1332310;12/02/2025 07:57;12/02/2025 17:00;9.05;3.75;33.94;;;;;
1400856;12/02/2025 08:48;12/02/2025 17:31;8.72;1.76;15.35;;;;;
1467041;12/02/2025 08:59;12/02/2025 12:24;3.42;0.2;0.68;;;;;
1533145;12/02/2025 09:08;12/02/2025 18:02;8.9;2.76;24.56;;;;;
1598760;12/02/2025 09:09;12/02/2025 18:28;9.32;3.45;32.15;;;;;
1664726;12/02/2025 09:17;12/02/2025 09:38;0.35;4.03;1.41;;;;;
1730477;12/02/2025 09:20;12/02/2025 12:56;3.6;2.09;7.52;;;;;
1796130;12/02/2025 09:22;12/02/2025 12:46;3.4;2.37;8.06;;;;;
1928443;12/02/2025 09:43;12/02/2025 11:47;2.07;3.83;7.93;;;;;
1993992;12/02/2025 09:43;12/02/2025 18:52;9.15;2.76;25.25;;;;;
2062599;12/02/2025 10:34;12/02/2025 13:15;2.68;2.74;7.34;;;;;
241701;12/02/2025 14:29;12/02/2025 18:53;4.4;0.18;0.79;;;;;
307615;12/02/2025 14:36;12/02/2025 17:08;2.53;4.43;11.21;;;;;
373363;12/02/2025 14:39;12/02/2025 17:18;2.65;0.4;1.06;;;;;
1028088;13/02/2025 08:41;13/02/2025 12:32;3.85;4.21;16.21;;;;;
1094579;13/02/2025 08:56;13/02/2025 12:31;3.58;0.61;2.18;;;;;
1160603;13/02/2025 09:05;13/02/2025 12:30;3.42;2.71;9.27;;;;;
1226440;13/02/2025 09:10;13/02/2025 12:31;3.35;4.16;13.94;;;;;
1424510;13/02/2025 09:34;13/02/2025 12:31;2.95;0.91;2.68;;;;;
1491208;13/02/2025 09:53;13/02/2025 12:04;2.18;1.34;2.92;;;;;
1557602;13/02/2025 10:08;13/02/2025 12:30;2.37;0.6;1.42;;;;;
1633712;13/02/2025 13:04;13/02/2025 13:04;0;0;0;;;;;
1699327;13/02/2025 13:05;13/02/2025 13:05;0;0;0;;;;;
1764986;13/02/2025 13:07;13/02/2025 17:20;4.22;4.1;17.3;;;;;
1834350;13/02/2025 14:11;13/02/2025 17:18;3.12;0.79;2.46;;;;;
1899936;13/02/2025 14:12;13/02/2025 22:53;8.68;2.8;24.3;;;;;
1965682;13/02/2025 14:15;13/02/2025 17:41;3.43;3.37;11.56;;;;;
1966083;13/02/2025 14:22;13/02/2025 17:55;3.55;2.12;7.53;;;;;
2291263;14/02/2025 07:52;14/02/2025 17:01;9.15;2.53;23.15;;;;;
2356912;14/02/2025 07:54;14/02/2025 17:00;9.1;2.23;20.29;;;;;
2423447;14/02/2025 08:11;14/02/2025 18:01;9.83;2.18;21.43;;;;;
2489933;14/02/2025 08:27;14/02/2025 10:19;1.87;3.35;6.26;;;;;
2491333;14/02/2025 08:50;14/02/2025 18:13;9.38;2.82;26.45;;;;;
2557363;14/02/2025 08:58;14/02/2025 12:48;3.83;2.35;9;;;;;
2623303;14/02/2025 09:05;14/02/2025 18:55;9.83;1.64;16.12;;;;;
2688895;14/02/2025 09:06;14/02/2025 18:15;9.15;2.39;21.87;;;;;
2754654;14/02/2025 09:10;14/02/2025 09:48;0.63;2.91;1.83;;;;;
2886349;14/02/2025 09:20;14/02/2025 12:56;3.6;1.61;5.8;;;;;
2952201;14/02/2025 09:25;14/02/2025 17:39;8.23;2.39;19.67;;;;;
3017993;14/02/2025 09:30;14/02/2025 17:56;8.43;2.31;19.47;;;;;
3084608;14/02/2025 09:47;14/02/2025 18:58;9.18;2.89;26.53;;;;;
3151074;14/02/2025 10:03;14/02/2025 13:49;3.77;1.94;7.31;;;;;
3218637;14/02/2025 10:37;14/02/2025 18:04;7.45;1.5;11.18;;;;;
3361265;14/02/2025 13:49;14/02/2025 18:31;4.7;2.27;10.67;;;;;
3427200;14/02/2025 13:56;14/02/2025 19:02;5.1;0.59;3.01;;;;;
3559805;14/02/2025 14:21;14/02/2025 19:13;4.87;3.12;15.19;;;;;
3494261;14/02/2025 14:21;14/02/2025 19:12;4.85;1.59;7.71;;;;;
3627036;14/02/2025 14:50;14/02/2025 19:00;4.17;2.46;10.26;;;;;
3692672;14/02/2025 14:51;14/02/2025 19:01;4.17;1.36;5.67;;;;;
3758541;14/02/2025 14:57;14/02/2025 17:13;2.27;1.18;2.68;;;;;
4123720;17/02/2025 07:59;17/02/2025 16:57;8.97;2.31;20.72;;;;;
4189326;17/02/2025 08:00;17/02/2025 12:14;4.23;2.47;10.45;;;;;
4255165;17/02/2025 08:05;17/02/2025 17:23;9.3;2.66;24.74;;;;;
4321739;17/02/2025 08:22;17/02/2025 19:21;10.98;2.32;25.47;;;;;
4388258;17/02/2025 08:39;17/02/2025 11:44;3.08;2.8;8.62;;;;;
4453979;17/02/2025 08:42;17/02/2025 17:59;9.28;2.05;19.02;;;;;
4520154;17/02/2025 08:52;17/02/2025 18:26;9.57;2.71;25.93;;;;;
4586190;17/02/2025 09:01;17/02/2025 12:35;3.57;2.24;8;;;;;
4652659;17/02/2025 09:16;17/02/2025 12:35;3.32;1.77;5.88;;;;;
4718417;17/02/2025 09:20;17/02/2025 12:38;3.3;2.22;7.33;;;;;
4849925;17/02/2025 09:27;17/02/2025 12:33;3.1;2.17;6.73;;;;;
4718837;17/02/2025 09:27;17/02/2025 19:30;10.05;1.54;15.48;;;;;
4784378;17/02/2025 09:27;17/02/2025 17:38;8.18;2.03;16.61;;;;;
4917721;17/02/2025 10:05;17/02/2025 15:05;5;2.15;10.75;;;;;
5128350;17/02/2025 13:58;17/02/2025 18:47;4.82;2.06;9.93;;;;;
5194261;17/02/2025 14:05;17/02/2025 19:10;5.08;1.64;8.33;;;;;
5260492;17/02/2025 14:16;17/02/2025 18:52;4.6;2.04;9.38;;;;;
5326522;17/02/2025 14:25;17/02/2025 19:11;4.77;2.01;9.59;;;;;
5395180;17/02/2025 15:17;17/02/2025 19:09;3.87;2;7.74;;;;;
5476554;17/02/2025 19:41;17/02/2025 19:41;0;0;0;;;;;
79971;18/02/2025 07:36;18/02/2025 12:17;4.68;1.1;5.15;;;;;
146991;18/02/2025 08:01;18/02/2025 17:11;9.17;1.88;17.24;;;;;
213028;18/02/2025 08:09;18/02/2025 15:33;7.4;2.46;18.2;;;;;
279135;18/02/2025 08:19;18/02/2025 12:58;4.65;1.96;9.11;;;;;
345214;18/02/2025 08:28;18/02/2025 18:25;9.95;1.85;18.41;;;;;
412228;18/02/2025 08:53;18/02/2025 19:09;10.27;1.3;13.35;;;;;
477858;18/02/2025 08:54;18/02/2025 18:50;9.93;2.74;27.21;;;;;
543465;18/02/2025 08:55;18/02/2025 16:10;7.25;2.45;17.76;;;;;
611011;18/02/2025 09:29;18/02/2025 12:43;3.23;1.88;6.07;;;;;
744987;18/02/2025 10:17;18/02/2025 14:04;3.78;1.28;4.84;;;;;
812994;18/02/2025 10:58;18/02/2025 20:12;9.23;3.44;31.75;;;;;
880850;18/02/2025 11:37;18/02/2025 13:23;1.77;0.94;1.66;;;;;
1020561;18/02/2025 14:01;18/02/2025 18:51;4.83;1.87;9.03;;;;;
1086604;18/02/2025 14:10;18/02/2025 18:18;4.13;1.85;7.64;;;;;
1152360;18/02/2025 14:13;18/02/2025 18:07;3.9;0.23;0.9;;;;;
1219005;18/02/2025 14:32;18/02/2025 19:12;4.67;3.26;15.22;;;;;
1285386;18/02/2025 14:46;18/02/2025 18:05;3.32;1.54;5.11;;;;;
1428623;18/02/2025 18:08;18/02/2025 20:09;2.02;1.52;3.07;;;;;
1609031;19/02/2025 07:50;19/02/2025 12:47;4.95;2.21;10.94;;;;;
1676323;19/02/2025 08:20;19/02/2025 15:19;6.98;3.31;23.1;;;;;
1742084;19/02/2025 08:23;19/02/2025 13:23;5;4.03;20.15;;;;;
1874604;19/02/2025 08:48;19/02/2025 12:06;3.3;2.73;9.01;;;;;
1941044;19/02/2025 09:03;19/02/2025 13:24;4.35;4.23;18.4;;;;;
2006927;19/02/2025 09:08;19/02/2025 12:44;3.6;3.03;10.91;;;;;
2072954;19/02/2025 09:17;19/02/2025 10:02;0.75;3.18;2.39;;;;;
2209214;19/02/2025 10:43;19/02/2025 17:12;6.48;3.9;25.27;;;;;
2275596;19/02/2025 10:57;19/02/2025 19:49;8.87;1.97;17.47;;;;;
2351795;19/02/2025 13:55;19/02/2025 17:57;4.03;1.98;7.98;;;;;
2423954;19/02/2025 15:45;19/02/2025 17:20;1.58;4.33;6.84;;;;;
2428720;19/02/2025 17:05;19/02/2025 19:32;2.45;3.98;9.75;;;;;
2614904;20/02/2025 08:23;20/02/2025 17:26;9.05;2.18;19.73;;;;;
2681719;20/02/2025 08:44;20/02/2025 19:16;10.53;1.89;19.9;;;;;
2878434;20/02/2025 08:46;20/02/2025 10:32;1.77;4.26;7.54;;;;;
2944003;20/02/2025 08:47;20/02/2025 18:32;9.75;1.39;13.55;;;;;
3010175;20/02/2025 08:57;20/02/2025 12:43;3.77;0.67;2.53;;;;;
3077036;20/02/2025 09:19;20/02/2025 17:21;8.03;2.79;22.4;;;;;
3149100;20/02/2025 11:08;20/02/2025 17:51;6.72;4;26.88;;;;;
3217875;20/02/2025 12:02;20/02/2025 12:37;0.58;2.59;1.5;;;;;
3290721;20/02/2025 14:05;20/02/2025 17:47;3.7;1.87;6.92;;;;;
3423417;20/02/2025 14:32;20/02/2025 18:38;4.1;3.99;16.36;;;;;
3550441;21/02/2025 07:36;21/02/2025 16:45;9.15;2.6;23.79;;;;;
3682189;21/02/2025 07:48;21/02/2025 13:12;5.4;3.04;16.42;;;;;
3749424;21/02/2025 08:16;21/02/2025 15:15;6.98;2.69;18.78;;;;;
3815885;21/02/2025 08:31;21/02/2025 13:49;5.3;1.86;9.86;;;;;
3882236;21/02/2025 08:45;21/02/2025 10:01;1.27;3.27;4.15;;;;;
3948108;21/02/2025 08:51;21/02/2025 14:27;5.6;3.29;18.42;;;;;
4014028;21/02/2025 08:57;21/02/2025 16:32;7.58;2.73;20.69;;;;;
4079776;21/02/2025 09:00;21/02/2025 19:38;10.63;2.7;28.7;;;;;
4145823;21/02/2025 09:09;21/02/2025 13:59;4.83;2.12;10.24;;;;;
4277171;21/02/2025 09:14;21/02/2025 13:55;4.68;2.95;13.81;;;;;
4342746;21/02/2025 09:14;21/02/2025 12:09;2.92;2.55;7.45;;;;;
4409269;21/02/2025 09:31;21/02/2025 17:48;8.28;2.99;24.76;;;;;
4475098;21/02/2025 09:36;21/02/2025 18:45;9.15;1.85;16.93;;;;;
4541743;21/02/2025 09:54;21/02/2025 12:48;2.9;2.5;7.25;;;;;
4621869;21/02/2025 13:57;21/02/2025 19:17;5.33;2.22;11.83;;;;;
4688254;21/02/2025 14:11;21/02/2025 18:25;4.23;1.73;7.32;;;;;
4754364;21/02/2025 14:21;21/02/2025 17:12;2.85;4.1;11.69;;;;;
272151;24/02/2025 08:00;24/02/2025 11:02;3.03;1.45;4.39;;;;;
206569;24/02/2025 08:00;24/02/2025 17:08;9.13;1.32;12.05;;;;;
338140;24/02/2025 08:08;24/02/2025 17:23;9.25;1.29;11.93;;;;;
404937;24/02/2025 08:29;24/02/2025 17:37;9.13;1.28;11.69;;;;;
470698;24/02/2025 08:33;24/02/2025 12:38;4.08;1.36;5.55;;;;;
536805;24/02/2025 08:42;24/02/2025 14:12;5.5;1.3;7.15;;;;;
602884;24/02/2025 08:51;24/02/2025 18:27;9.6;1.6;15.36;;;;;
668819;24/02/2025 08:58;24/02/2025 13:18;4.33;0.17;0.74;;;;;
734939;24/02/2025 09:08;24/02/2025 12:30;3.37;1.26;4.25;;;;;
800541;24/02/2025 09:09;24/02/2025 19:00;9.85;1.61;15.86;;;;;
866562;24/02/2025 09:17;24/02/2025 12:42;3.42;1.27;4.34;;;;;
932293;24/02/2025 09:20;24/02/2025 12:44;3.4;1.31;4.45;;;;;
998474;24/02/2025 09:31;24/02/2025 13:02;3.52;1.27;4.47;;;;;
1064045;24/02/2025 09:31;24/02/2025 19:17;9.77;1.52;14.85;;;;;
1210393;24/02/2025 13:46;24/02/2025 18:14;4.47;1.59;7.11;;;;;
1276314;24/02/2025 13:52;24/02/2025 18:16;4.4;0.8;3.52;;;;;
1344617;24/02/2025 14:39;24/02/2025 17:16;2.62;0;0;;;;;
1406175;25/02/2025 07:44;25/02/2025 17:04;9.33;2.35;21.93;;;;;
1472069;25/02/2025 07:50;25/02/2025 17:09;9.32;4.01;37.37;;;;;
1605363;25/02/2025 08:27;25/02/2025 12:47;4.33;3.12;13.51;;;;;
1671906;25/02/2025 08:44;25/02/2025 17:46;9.03;2.45;22.12;;;;;
1803387;25/02/2025 08:51;25/02/2025 12:01;3.17;3.62;11.48;;;;;
1737847;25/02/2025 08:51;25/02/2025 12:36;3.75;0.75;2.81;;;;;
1870013;25/02/2025 09:09;25/02/2025 18:28;9.32;2.56;23.86;;;;;
1935559;25/02/2025 09:09;25/02/2025 19:47;10.63;3.22;34.23;;;;;
2001317;25/02/2025 09:13;25/02/2025 13:15;4.03;0.31;1.25;;;;;
2135290;25/02/2025 10:01;25/02/2025 18:50;8.82;3.08;27.17;;;;;
2270016;25/02/2025 11:02;25/02/2025 19:19;8.28;3.1;25.67;;;;;
2345233;25/02/2025 13:43;25/02/2025 18:55;5.2;2.69;13.99;;;;;
2411937;25/02/2025 14:03;25/02/2025 19:23;5.33;0.39;2.08;;;;;
2478508;25/02/2025 14:20;25/02/2025 14:20;0;0;0;;;;;
2544198;25/02/2025 14:23;25/02/2025 18:14;3.85;4.33;16.67;;;;;
2610962;25/02/2025 14:43;25/02/2025 17:12;2.48;0.23;0.57;;;;;
116096;26/02/2025 07:41;26/02/2025 16:53;9.2;1.8;16.56;;;;;
248025;26/02/2025 07:55;26/02/2025 08:07;0.2;1.33;0.27;;;;;
315393;26/02/2025 08:26;26/02/2025 17:35;9.15;2.39;21.87;;;;;
381328;26/02/2025 08:33;26/02/2025 17:24;8.85;2.13;18.85;;;;;
448233;26/02/2025 08:55;26/02/2025 18:02;9.12;2.06;18.79;;;;;
514449;26/02/2025 09:07;26/02/2025 12:19;3.2;0.73;2.34;;;;;
646240;26/02/2025 09:19;26/02/2025 14:02;4.72;1.52;7.17;;;;;
713085;26/02/2025 09:41;26/02/2025 17:04;7.38;2.19;16.16;;;;;
779095;26/02/2025 09:48;26/02/2025 13:04;3.27;1.12;3.66;;;;;
844975;26/02/2025 09:54;26/02/2025 12:47;2.88;1.4;4.03;;;;;
910976;26/02/2025 10:02;26/02/2025 17:18;7.27;2.55;18.54;;;;;
1112019;26/02/2025 11:16;28/02/2025 08:10;44.9;0.19;8.53;;;;;
1121482;26/02/2025 13:53;26/02/2025 17:58;4.08;0.97;3.96;;;;;
1187790;26/02/2025 14:06;26/02/2025 18:15;4.15;0.58;2.41;;;;;
1256202;26/02/2025 14:54;26/02/2025 19:12;4.3;1.23;5.29;;;;;
1579888;27/02/2025 08:00;27/02/2025 17:18;9.3;3.26;30.32;;;;;
1645951;27/02/2025 08:08;27/02/2025 15:30;7.37;2.93;21.59;;;;;
1713560;27/02/2025 08:43;27/02/2025 13:16;4.55;3.82;17.38;;;;;
1779394;27/02/2025 08:48;27/02/2025 10:33;1.75;2.33;4.08;;;;;
1844972;27/02/2025 08:49;27/02/2025 11:41;2.87;2.8;8.04;;;;;
1910566;27/02/2025 08:50;27/02/2025 12:50;4;2.91;11.64;;;;;
1977756;27/02/2025 09:17;27/02/2025 12:49;3.53;2.16;7.62;;;;;
2043864;27/02/2025 09:27;27/02/2025 13:01;3.57;4.05;14.46;;;;;
2175944;27/02/2025 09:43;27/02/2025 10:24;0.68;1.9;1.29;;;;;
2241890;27/02/2025 09:50;27/02/2025 15:51;6.02;2.77;16.68;;;;;
2307452;27/02/2025 09:51;27/02/2025 18:55;9.07;1.07;9.7;;;;;
2378377;27/02/2025 11:21;27/02/2025 18:47;7.43;3.69;27.42;;;;;
2450268;27/02/2025 13:06;27/02/2025 18:24;5.3;3.1;16.43;;;;;
2518534;27/02/2025 13:52;27/02/2025 17:50;3.97;3.46;13.74;;;;;
95115;27/02/2025 14:15;27/02/2025 15:40;1.42;2.1;2.98;;;;;
160779;27/02/2025 14:18;27/02/2025 17:46;3.47;3.43;11.9;;;;;
293502;27/02/2025 14:45;27/02/2025 18:18;3.55;3.08;10.93;;;;;
227954;27/02/2025 14:45;27/02/2025 18:29;3.73;1.46;5.45;;;;;
365695;27/02/2025 16:36;27/02/2025 18:33;1.95;2.11;4.11;;;;;
290538;28/02/2025 08:08;28/02/2025 15:08;7;3;21;;;;;
356579;28/02/2025 08:16;28/02/2025 12:47;4.52;0;0;;;;;
423163;28/02/2025 08:34;28/02/2025 09:32;0.97;2.96;2.87;;;;;
488924;28/02/2025 08:37;28/02/2025 08:37;0;0;0;;;;;
554802;28/02/2025 08:43;28/02/2025 15:08;6.42;2.48;15.92;;;;;
620724;28/02/2025 08:49;28/02/2025 12:54;4.08;2.93;11.95;;;;;
818228;28/02/2025 09:04;28/02/2025 13:45;4.68;4.16;19.47;;;;;
884266;28/02/2025 09:13;28/02/2025 13:45;4.53;0.24;1.09;;;;;
1017258;28/02/2025 09:46;28/02/2025 15:07;5.35;2.43;13;;;;;
1082905;28/02/2025 09:48;28/02/2025 13:29;3.68;0.73;2.69;;;;;
1214399;28/02/2025 09:55;28/02/2025 15:07;5.2;2.74;14.25;;;;;
1282668;28/02/2025 10:40;28/02/2025 15:07;4.45;2.58;11.48;;;;;
1349475;28/02/2025 11:01;28/02/2025 13:46;2.75;1.97;5.42;;;;;
1426629;28/02/2025 14:15;28/02/2025 15:08;0.88;1.63;1.43;;;;;
1492184;28/02/2025 14:15;28/02/2025 15:08;0.88;2.42;2.13;;;;;
372516;04/03/2025 07:43;04/03/2025 09:39;1.93;1.42;2.74;;;;;
572818;04/03/2025 08:45;04/03/2025 08:45;0;0;0;;;;;
703983;04/03/2025 08:46;04/03/2025 09:31;0.75;1.47;1.1;;;;;
769916;04/03/2025 08:53;04/03/2025 09:39;0.77;1.49;1.15;;;;;
836599;04/03/2025 09:12;04/03/2025 09:39;0.45;1.57;0.71;;;;;
903351;04/03/2025 09:32;04/03/2025 09:38;0.1;1.29;0.13;;;;;
969437;04/03/2025 09:42;04/03/2025 12:52;3.17;0.8;2.54;;;;;
67839;04/03/2025 14:07;04/03/2025 19:11;5.07;1.92;9.73;;;;;
134404;04/03/2025 14:24;04/03/2025 18:30;4.1;4.54;18.61;;;;;
201689;04/03/2025 14:53;04/03/2025 18:58;4.08;3.65;14.89;;;;;
270058;04/03/2025 15:40;04/03/2025 17:37;1.95;2.94;5.73;;;;;
458960;05/03/2025 07:45;05/03/2025 17:04;9.32;2.4;22.37;;;;;
525850;05/03/2025 08:07;05/03/2025 17:44;9.62;3.49;33.57;;;;;
593786;05/03/2025 08:47;05/03/2025 18:42;9.92;2.8;27.78;;;;;
659601;05/03/2025 08:52;05/03/2025 18:20;9.47;1.26;11.93;;;;;
726240;05/03/2025 09:10;05/03/2025 18:26;9.27;1.64;15.2;;;;;
792033;05/03/2025 09:15;05/03/2025 20:07;10.87;3.21;34.89;;;;;
857756;05/03/2025 09:18;05/03/2025 18:46;9.47;1.68;15.91;;;;;
989884;05/03/2025 09:35;05/03/2025 12:47;3.2;1.52;4.86;;;;;
1055626;05/03/2025 09:39;05/03/2025 20:00;10.35;2.32;24.01;;;;;
1121218;05/03/2025 09:40;05/03/2025 14:30;4.83;2.02;9.76;;;;;
1187725;05/03/2025 09:56;05/03/2025 17:10;7.23;1.83;13.23;;;;;
1253414;05/03/2025 09:58;05/03/2025 14:31;4.55;2.53;11.51;;;;;
1333192;05/03/2025 13:56;05/03/2025 18:13;4.28;2.26;9.67;;;;;
1403504;05/03/2025 15:15;05/03/2025 18:52;3.62;2.7;9.77;;;;;
1479768;05/03/2025 18:14;05/03/2025 19:06;0.87;2.78;2.42;;;;;
1596150;06/03/2025 08:21;06/03/2025 16:12;7.85;2.59;20.33;;;;;
1662230;06/03/2025 08:30;06/03/2025 10:01;1.52;2.78;4.23;;;;;
1729798;06/03/2025 09:04;06/03/2025 16:08;7.07;4.08;28.85;;;;;
157243;06/03/2025 09:09;06/03/2025 10:25;1.27;3.16;4.01;;;;;
223143;06/03/2025 09:15;06/03/2025 12:57;3.7;4.05;14.99;;;;;
420404;06/03/2025 09:26;06/03/2025 13:37;4.18;0.99;4.14;;;;;
552961;06/03/2025 09:51;06/03/2025 16:08;6.28;2.31;14.51;;;;;
618781;06/03/2025 09:56;06/03/2025 12:21;2.42;2.06;4.99;;;;;
817349;06/03/2025 10:28;06/03/2025 13:00;2.53;0.26;0.66;;;;;
883587;06/03/2025 10:40;06/03/2025 16:08;5.47;2.02;11.05;;;;;
1019369;06/03/2025 11:59;06/03/2025 16:08;4.15;4.15;17.22;;;;;
1093055;06/03/2025 14:14;06/03/2025 16:08;1.9;0.04;0.08;;;;;
1158712;06/03/2025 14:16;06/03/2025 16:08;1.87;2.47;4.62;;;;;
1234781;06/03/2025 17:12;06/03/2025 19:59;2.78;4.19;11.65;;;;;
1300373;06/03/2025 17:13;06/03/2025 19:00;1.78;2.44;4.34;;;;;
1549394;07/03/2025 07:46;07/03/2025 07:46;0;0;0;;;;;
1615568;07/03/2025 07:57;07/03/2025 17:30;9.55;2.22;21.2;;;;;
1681912;07/03/2025 08:10;07/03/2025 12:44;4.57;3.41;15.58;;;;;
1748117;07/03/2025 08:21;07/03/2025 16:00;7.65;3.56;27.23;;;;;
1814449;07/03/2025 08:35;07/03/2025 12:42;4.12;2.32;9.56;;;;;
1880212;07/03/2025 08:38;07/03/2025 19:23;10.75;1.61;17.31;;;;;
1946718;07/03/2025 08:55;07/03/2025 18:31;9.6;1.34;12.86;;;;;
2013201;07/03/2025 09:10;07/03/2025 18:45;9.58;2.04;19.54;;;;;
2146045;07/03/2025 09:40;07/03/2025 19:00;9.33;2.02;18.85;;;;;
2212740;07/03/2025 09:59;07/03/2025 13:19;3.33;3;9.99;;;;;
2293142;07/03/2025 14:07;07/03/2025 15:53;1.77;3.86;6.83;;;;;
2431992;07/03/2025 16:17;07/03/2025 17:16;0.98;3.92;3.84;;;;;
2661610;10/03/2025 08:03;10/03/2025 17:03;9;2;18;;;;;
2727352;10/03/2025 08:07;10/03/2025 16:58;8.85;2.48;21.95;;;;;
2793481;10/03/2025 08:17;10/03/2025 13:12;4.92;3.88;19.09;;;;;
2859719;10/03/2025 08:28;10/03/2025 17:09;8.68;2.5;21.7;;;;;
2925387;10/03/2025 08:31;10/03/2025 12:42;4.18;2.34;9.78;;;;;
2991799;10/03/2025 08:46;10/03/2025 19:17;10.52;2.52;26.51;;;;;
3057672;10/03/2025 08:52;10/03/2025 12:48;3.93;2.58;10.14;;;;;
3124119;10/03/2025 09:07;10/03/2025 10:49;1.7;1.95;3.32;;;;;
3190220;10/03/2025 09:16;10/03/2025 17:42;8.43;2.31;19.47;;;;;
3255817;10/03/2025 09:17;10/03/2025 11:43;2.43;3.17;7.7;;;;;
3321412;10/03/2025 09:18;10/03/2025 12:55;3.62;2.05;7.42;;;;;
3388515;10/03/2025 09:45;10/03/2025 18:34;8.82;2.32;20.46;;;;;
3461023;10/03/2025 11:41;10/03/2025 18:39;6.97;2.69;18.75;;;;;
3533924;10/03/2025 13:43;10/03/2025 18:47;5.07;0;0;;;;;
3665486;10/03/2025 13:52;10/03/2025 18:47;4.92;0.49;2.41;;;;;
3731642;10/03/2025 14:02;10/03/2025 18:26;4.4;1.78;7.83;;;;;
3863456;10/03/2025 14:14;10/03/2025 18:21;4.12;4.1;16.89;;;;;
3932110;10/03/2025 15:06;10/03/2025 19:29;4.38;1.92;8.41;;;;;
4124293;11/03/2025 08:04;11/03/2025 11:59;3.92;3.45;13.52;;;;;
4190313;11/03/2025 08:13;11/03/2025 17:04;8.85;3.82;33.81;;;;;
4257754;11/03/2025 08:44;11/03/2025 13:42;4.97;4.38;21.77;;;;;
4323353;11/03/2025 08:45;11/03/2025 12:49;4.07;4.17;16.97;;;;;
4389772;11/03/2025 09:00;11/03/2025 13:01;4.02;0;0;;;;;
4521483;11/03/2025 09:11;11/03/2025 18:14;9.05;3.66;33.12;;;;;
4522621;11/03/2025 09:30;11/03/2025 09:43;0.22;0.04;0.01;;;;;
4589705;11/03/2025 09:55;11/03/2025 18:46;8.85;3.95;34.96;;;;;
4655917;11/03/2025 10:07;11/03/2025 13:35;3.47;3.19;11.07;;;;;
4730764;11/03/2025 12:42;11/03/2025 12:58;0.27;3.33;0.9;;;;;
4865892;11/03/2025 13:49;11/03/2025 18:11;4.37;2.74;11.97;;;;;
4932612;11/03/2025 14:09;11/03/2025 15:04;0.92;4.4;4.05;;;;;
4998421;11/03/2025 14:14;11/03/2025 18:43;4.48;4.1;18.37;;;;;
5078597;11/03/2025 18:18;11/03/2025 19:02;0.73;4.16;3.04;;;;;
5258852;12/03/2025 07:57;12/03/2025 12:05;4.13;2.58;10.66;;;;;
5456355;12/03/2025 08:12;12/03/2025 17:27;9.25;1.62;14.99;;;;;
5390812;12/03/2025 08:12;12/03/2025 17:00;8.8;2.99;26.31;;;;;
5325260;12/03/2025 08:12;12/03/2025 16:58;8.77;0.31;2.72;;;;;
5523521;12/03/2025 08:39;12/03/2025 17:30;8.85;2.66;23.54;;;;;
5589209;12/03/2025 08:42;12/03/2025 18:42;10;2.56;25.6;;;;;
5654863;12/03/2025 08:44;12/03/2025 13:01;4.28;2.71;11.6;;;;;
5721639;12/03/2025 09:04;12/03/2025 18:54;9.83;1.29;12.68;;;;;
5853673;12/03/2025 09:20;12/03/2025 10:36;1.27;4.18;5.31;;;;;
5986697;12/03/2025 09:53;12/03/2025 12:52;2.98;2.45;7.3;;;;;
6069280;12/03/2025 14:37;12/03/2025 18:19;3.7;4.54;16.8;;;;;
6204301;12/03/2025 15:43;12/03/2025 16:58;1.25;3.2;4;;;;;
